Date,T
2010-01-01,-15.718
2010-01-02,-7.632
2010-01-03,-4.258
2010-01-04,-4.995
2010-01-05,-4.417
2010-01-06,-3.406
2010-01-07,-4.92
2010-01-08,-12.015
2010-01-09,-21.037
2010-01-10,-24.175
2010-01-11,-20.9
2010-01-12,-18.334
2010-01-13,-23.138
2010-01-14,-21.477
2010-01-15,-19.052
2010-01-16,-24.514
2010-01-17,-25.283
2010-01-18,-24.897
2010-01-19,-21.904
2010-01-20,-17.905
2010-01-21,-22.675
2010-01-22,-25.422
2010-01-23,-23.993
2010-01-24,-25.255
2010-01-25,-17.725
2010-01-26,-7.082
2010-01-27,-10.248
2010-01-28,-15.902
2010-01-29,-20.314
2010-01-30,-19.165
2010-01-31,-20.109
2010-02-01,-28.052
2010-02-02,-30.391
2010-02-03,-28.45
2010-02-04,-21.26
2010-02-05,-11.573
2010-02-06,-9.973
2010-02-07,-8.411
2010-02-08,-13.248
2010-02-09,-12.507
2010-02-10,-16.436
2010-02-11,-14.541
2010-02-12,-14.592
2010-02-13,-12.627
2010-02-14,-7.519
2010-02-15,-4.244
2010-02-16,-3.447
2010-02-17,-3.085
2010-02-18,-3.151
2010-02-19,-3.162
2010-02-20,-3.717
2010-02-21,-2.873
2010-02-22,-4.522
2010-02-23,-4.3
2010-02-24,-5.205
2010-02-25,-7.967
2010-02-26,-10.284
2010-02-27,-7.99
2010-02-28,-10.287
2010-03-01,-22.957
2010-03-02,-20.569
2010-03-03,-20.547
2010-03-04,-25.822
2010-03-05,-17.585
2010-03-06,-10.886
2010-03-07,-12.803
2010-03-08,-11.566
2010-03-09,-13.236
2010-03-10,-13.662
2010-03-11,-14.618
2010-03-12,-15.784
2010-03-13,-10.238
2010-03-14,-7.105
2010-03-15,-6.928
2010-03-16,-9.858
2010-03-17,-12.227
2010-03-18,-12.038
2010-03-19,-15.026
2010-03-20,-17.475
2010-03-21,-18.954
2010-03-22,-16.942
2010-03-23,-23.433
2010-03-24,-17.564
2010-03-25,-11.562
2010-03-26,-10.179
2010-03-27,-21.214
2010-03-28,-22.039
2010-03-29,-18.119
2010-03-30,-16.156
2010-03-31,-13.125
2010-04-01,-3.746
2010-04-02,-1.085
2010-04-03,-6.341
2010-04-04,-7.042
2010-04-05,-2.072
2010-04-06,-2.074
2010-04-07,-3.003
2010-04-08,-4.448
2010-04-09,-5.808
2010-04-10,-7.373
2010-04-11,-5.723
2010-04-12,-9.384
2010-04-13,-13.53
2010-04-14,-12.507
2010-04-15,-14.65
2010-04-16,-12.064
2010-04-17,-7.785
2010-04-18,-1.857
2010-04-19,0.329
2010-04-20,-0.166
2010-04-21,-3.556
2010-04-22,-2.434
2010-04-23,-3.475
2010-04-24,-5.558
2010-04-25,-6.961
2010-04-26,-5.531
2010-04-27,-6.513
2010-04-28,-3.177
2010-04-29,-2.142
2010-04-30,-1.788
2010-05-01,-0.317
2010-05-02,-2.51
2010-05-03,-3.016
2010-05-04,-6.436
2010-05-05,-7.803
2010-05-06,-5.723
2010-05-07,-1.683
2010-05-08,0.352
2010-05-09,0.889
2010-05-10,0.079
2010-05-11,-3.22
2010-05-12,-2.797
2010-05-13,-1.008
2010-05-14,-2.041
2010-05-15,-1.289
2010-05-16,-0.774
2010-05-17,2.539
2010-05-18,1.697
2010-05-19,-1.423
2010-05-20,-4.395
2010-05-21,-4.557
2010-05-22,-5.129
2010-05-23,-3.835
2010-05-24,-0.604
2010-05-25,2.991
2010-05-26,-0.122
2010-05-27,3.991
2010-05-28,7.514
2010-05-29,6.085
2010-05-30,-0.748
2010-05-31,-0.175
2010-06-01,-0.197
2010-06-02,0.005
2010-06-03,-0.382
2010-06-04,1.684
2010-06-05,1.098
2010-06-06,1.802
2010-06-07,1.922
2010-06-08,2.269
2010-06-09,5.946
2010-06-10,10.992
2010-06-11,3.661
2010-06-12,-0.873
2010-06-13,1.192
2010-06-14,-0.188
2010-06-15,0.958
2010-06-16,-0.052
2010-06-17,1.894
2010-06-18,2.434
2010-06-19,2.554
2010-06-20,3.258
2010-06-21,2.503
2010-06-22,4.21
2010-06-23,5.024
2010-06-24,6.361
2010-06-25,3.374
2010-06-26,-0.22
2010-06-27,2.731
2010-06-28,1.258
2010-06-29,3.088
2010-06-30,7.879
2010-07-01,9.146
2010-07-02,9.615
2010-07-03,6.164
2010-07-04,3.647
2010-07-05,7.182
2010-07-06,10.332
2010-07-07,10.683
2010-07-08,12.95
2010-07-09,11.724
2010-07-10,12.102
2010-07-11,11.575
2010-07-12,15.69
2010-07-13,16.709
2010-07-14,11.164
2010-07-15,10.968
2010-07-16,8.413
2010-07-17,4.656
2010-07-18,3.589
2010-07-19,4.443
2010-07-20,8.67
2010-07-21,8.651
2010-07-22,8.343
2010-07-23,12.073
2010-07-24,12.566
2010-07-25,7.87
2010-07-26,3.911
2010-07-27,5.898
2010-07-28,5.312
2010-07-29,6.497
2010-07-30,7.018
2010-07-31,9.514
2010-08-01,10.804
2010-08-02,12.487
2010-08-03,13.558
2010-08-04,14.411
2010-08-05,16.254
2010-08-06,10.294
2010-08-07,9.638
2010-08-08,9.623
2010-08-09,8.128
2010-08-10,7.271
2010-08-11,7.617
2010-08-12,9.447
2010-08-13,9.492
2010-08-14,11.718
2010-08-15,16.376
2010-08-16,19.183
2010-08-17,19.637
2010-08-18,16.952
2010-08-19,11.535
2010-08-20,11.998
2010-08-21,13.175
2010-08-22,15.076
2010-08-23,15.778
2010-08-24,10.135
2010-08-25,14.713
2010-08-26,17.088
2010-08-27,10.186
2010-08-28,8.986
2010-08-29,8.45
2010-08-30,6.21
2010-08-31,5.166
2010-09-01,3.507
2010-09-02,5.685
2010-09-03,6.052
2010-09-04,3.939
2010-09-05,1.647
2010-09-06,2.357
2010-09-07,3.987
2010-09-08,6.07
2010-09-09,6.809
2010-09-10,3.746
2010-09-11,1.31
2010-09-12,3.348
2010-09-13,8.478
2010-09-14,10.769
2010-09-15,9.523
2010-09-16,8.725
2010-09-17,7.493
2010-09-18,8.359
2010-09-19,7.567
2010-09-20,3.85
2010-09-21,0.85
2010-09-22,-0.512
2010-09-23,1.44
2010-09-24,1.086
2010-09-25,0.28
2010-09-26,0.299
2010-09-27,3.051
2010-09-28,0.673
2010-09-29,-2.032
2010-09-30,-0.126
2010-10-01,4.258
2010-10-02,0.859
2010-10-03,-1.317
2010-10-04,2.092
2010-10-05,-1.04
2010-10-06,-4.451
2010-10-07,0.478
2010-10-08,-0.016
2010-10-09,-1.37
2010-10-10,0.875
2010-10-11,-0.181
2010-10-12,-0.87
2010-10-13,0.29
2010-10-14,-1.228
2010-10-15,0.001
2010-10-16,-0.867
2010-10-17,-2.318
2010-10-18,0.228
2010-10-19,0.551
2010-10-20,-1.185
2010-10-21,-3.815
2010-10-22,-2.885
2010-10-23,-1.978
2010-10-24,-1.937
2010-10-25,-3.518
2010-10-26,-4.555
2010-10-27,-7.018
2010-10-28,-2.911
2010-10-29,-2.106
2010-10-30,-4.6
2010-10-31,-5.833
2010-11-01,-6.971
2010-11-02,-5.017
2010-11-03,-5.859
2010-11-04,-2.691
2010-11-05,-2.92
2010-11-06,-6.372
2010-11-07,-9.916
2010-11-08,-4.914
2010-11-09,-5.843
2010-11-10,-8.441
2010-11-11,-7.331
2010-11-12,-3.481
2010-11-13,-3.34
2010-11-14,-8.12
2010-11-15,-9.185
2010-11-16,-4.035
2010-11-17,-8.081
2010-11-18,-7.148
2010-11-19,-3.33
2010-11-20,-8.436
2010-11-21,-10.074
2010-11-22,-10.919
2010-11-23,-12.134
2010-11-24,-2.045
2010-11-25,-0.936
2010-11-26,-1.359
2010-11-27,-2.451
2010-11-28,-8.338
2010-11-29,-6.208
2010-11-30,-6.878
2010-12-01,-6.126
2010-12-02,-0.987
2010-12-03,-0.658
2010-12-04,-1.924
2010-12-05,-1.045
2010-12-06,-3.717
2010-12-07,-1.957
2010-12-08,-4.108
2010-12-09,-8.546
2010-12-10,-17.605
2010-12-11,-19.338
2010-12-12,-17.994
2010-12-13,-20.909
2010-12-14,-10.583
2010-12-15,-6.258
2010-12-16,-3.416
2010-12-17,-1.137
2010-12-18,-0.222
2010-12-19,-1.626
2010-12-20,-3.248
2010-12-21,-7.067
2010-12-22,-6.807
2010-12-23,-9.159
2010-12-24,-11.777
2010-12-25,-13.566
2010-12-26,-14.459
2010-12-27,-16.64
2010-12-28,-16.095
2010-12-29,-16.337
2010-12-30,-11.142
2010-12-31,-8.674
2011-01-01,-13.534
2011-01-02,-10.142
2011-01-03,-3.11
2011-01-04,-2.77
2011-01-05,-1.795
2011-01-06,-2.19
2011-01-07,-2.558
2011-01-08,-2.825
2011-01-09,-5.367
2011-01-10,-6.378
2011-01-11,-6.747
2011-01-12,-8.941
2011-01-13,-12.373
2011-01-14,-14.2
2011-01-15,-15.228
2011-01-16,-17.533
2011-01-17,-18.78
2011-01-18,-23.421
2011-01-19,-23.468
2011-01-20,-25.509
2011-01-21,-21.915
2011-01-22,-17.671
2011-01-23,-10.508
2011-01-24,-16.145
2011-01-25,-16.624
2011-01-26,-25.523
2011-01-27,-29.857
2011-01-28,-29.889
2011-01-29,-30.309
2011-01-30,-32.221
2011-01-31,-36.271
2011-02-01,-38.464
2011-02-02,-34.641
2011-02-03,-33.128
2011-02-04,-30.451
2011-02-05,-23.579
2011-02-06,-26.544
2011-02-07,-29.034
2011-02-08,-30.835
2011-02-09,-30.726
2011-02-10,-33.254
2011-02-11,-36.085
2011-02-12,-32.772
2011-02-13,-30.413
2011-02-14,-31.418
2011-02-15,-29.742
2011-02-16,-26.338
2011-02-17,-18.281
2011-02-18,-22.6
2011-02-19,-14.858
2011-02-20,-13.381
2011-02-21,-17.618
2011-02-22,-21.046
2011-02-23,-21.264
2011-02-24,-17.364
2011-02-25,-18.543
2011-02-26,-26.882
2011-02-27,-29.399
2011-02-28,-23.897
2011-03-01,-20.522
2011-03-02,-26.009
2011-03-03,-28.477
2011-03-04,-29.658
2011-03-05,-24.31
2011-03-06,-28.903
2011-03-07,-30.112
2011-03-08,-27.93
2011-03-09,-23.887
2011-03-10,-18.012
2011-03-11,-13.85
2011-03-12,-15.449
2011-03-13,-22.72
2011-03-14,-26.574
2011-03-15,-21.853
2011-03-16,-20.245
2011-03-17,-17.575
2011-03-18,-19.821
2011-03-19,-21.596
2011-03-20,-20.723
2011-03-21,-17.382
2011-03-22,-18.298
2011-03-23,-19.851
2011-03-24,-18.543
2011-03-25,-16.081
2011-03-26,-10.507
2011-03-27,-4.52
2011-03-28,-6.781
2011-03-29,-7.996
2011-03-30,-10.631
2011-03-31,-14.465
2011-04-01,-14.15
2011-04-02,-13.665
2011-04-03,-14.477
2011-04-04,-15.488
2011-04-05,-13.579
2011-04-06,-10.528
2011-04-07,-14.558
2011-04-08,-18.77
2011-04-09,-15.693
2011-04-10,-7.526
2011-04-11,-10.792
2011-04-12,-14.737
2011-04-13,-16.936
2011-04-14,-22.767
2011-04-15,-24.921
2011-04-16,-21.504
2011-04-17,-21.851
2011-04-18,-13.68
2011-04-19,-9.894
2011-04-20,-13.169
2011-04-21,-17.067
2011-04-22,-11.644
2011-04-23,-17.565
2011-04-24,-13.532
2011-04-25,-14.409
2011-04-26,-18.692
2011-04-27,-18.698
2011-04-28,-16.079
2011-04-29,-10.752
2011-04-30,-7.173
2011-05-01,-6.551
2011-05-02,-4.578
2011-05-03,-2.749
2011-05-04,-9.832
2011-05-05,-10.312
2011-05-06,-6.547
2011-05-07,-4.64
2011-05-08,-1.766
2011-05-09,-5.705
2011-05-10,-6.418
2011-05-11,-1.338
2011-05-12,-4.301
2011-05-13,-8.704
2011-05-14,-5.696
2011-05-15,-5.008
2011-05-16,-6.537
2011-05-17,-6.295
2011-05-18,-8.43
2011-05-19,-7.61
2011-05-20,-7.483
2011-05-21,-7.931
2011-05-22,-6.694
2011-05-23,-6.082
2011-05-24,-5.694
2011-05-25,-3.326
2011-05-26,-3.444
2011-05-27,-3.544
2011-05-28,-0.914
2011-05-29,-2.702
2011-05-30,-3.767
2011-05-31,-3.794
2011-06-01,-4.459
2011-06-02,-2.026
2011-06-03,-1.695
2011-06-04,-0.895
2011-06-05,1.006
2011-06-06,3.578
2011-06-07,0.404
2011-06-08,4.988
2011-06-09,1.344
2011-06-10,-0.484
2011-06-11,0.474
2011-06-12,-1.207
2011-06-13,1.219
2011-06-14,-0.477
2011-06-15,-2.102
2011-06-16,-0.526
2011-06-17,2.13
2011-06-18,4.109
2011-06-19,4.542
2011-06-20,2.387
2011-06-21,6.24
2011-06-22,8.382
2011-06-23,7.743
2011-06-24,8.761
2011-06-25,11.922
2011-06-26,3.694
2011-06-27,3.129
2011-06-28,6.279
2011-06-29,9.047
2011-06-30,8.238
2011-07-01,4.21
2011-07-02,5.055
2011-07-03,4.443
2011-07-04,2.77
2011-07-05,2.889
2011-07-06,4.289
2011-07-07,7.867
2011-07-08,10.445
2011-07-09,9.559
2011-07-10,8.919
2011-07-11,7.124
2011-07-12,8.109
2011-07-13,7.166
2011-07-14,11.108
2011-07-15,12.655
2011-07-16,11.154
2011-07-17,17.879
2011-07-18,11.037
2011-07-19,7.95
2011-07-20,6.543
2011-07-21,3.474
2011-07-22,3.8
2011-07-23,7.149
2011-07-24,8.381
2011-07-25,9.493
2011-07-26,10.401
2011-07-27,10.857
2011-07-28,12.752
2011-07-29,15.881
2011-07-30,13.436
2011-07-31,9.216
2011-08-01,8.918
2011-08-02,9.018
2011-08-03,12.811
2011-08-04,15.906
2011-08-05,15.636
2011-08-06,15.783
2011-08-07,12.994
2011-08-08,11.293
2011-08-09,5.761
2011-08-10,8.476
2011-08-11,10.256
2011-08-12,8.582
2011-08-13,7.857
2011-08-14,8.38
2011-08-15,8.531
2011-08-16,5.645
2011-08-17,4.602
2011-08-18,2.376
2011-08-19,3.339
2011-08-20,5.453
2011-08-21,8.214
2011-08-22,7.828
2011-08-23,8.621
2011-08-24,9.223
2011-08-25,11.492
2011-08-26,9.845
2011-08-27,11.91
2011-08-28,8.103
2011-08-29,6.513
2011-08-30,6.876
2011-08-31,6.347
2011-09-01,6.441
2011-09-02,7.155
2011-09-03,8.601
2011-09-04,2.037
2011-09-05,1.871
2011-09-06,2.351
2011-09-07,9.151
2011-09-08,4.433
2011-09-09,2.505
2011-09-10,0.16
2011-09-11,-1.724
2011-09-12,0.784
2011-09-13,-0.393
2011-09-14,-0.333
2011-09-15,1.051
2011-09-16,0.62
2011-09-17,0.275
2011-09-18,1.045
2011-09-19,8.22
2011-09-20,4.629
2011-09-21,-0.069
2011-09-22,-1.351
2011-09-23,-1.425
2011-09-24,4.464
2011-09-25,3.93
2011-09-26,1.335
2011-09-27,0.484
2011-09-28,3.399
2011-09-29,4.408
2011-09-30,-1
2011-10-01,-2.056
2011-10-02,-2.233
2011-10-03,0.43
2011-10-04,-3.522
2011-10-05,-3.913
2011-10-06,-5.118
2011-10-07,-4.734
2011-10-08,-1.269
2011-10-09,-0.926
2011-10-10,1.612
2011-10-11,-2.055
2011-10-12,-4.251
2011-10-13,-4.18
2011-10-14,-4.631
2011-10-15,-0.927
2011-10-16,-0.658
2011-10-17,0.143
2011-10-18,-0.075
2011-10-19,-0.423
2011-10-20,-6.104
2011-10-21,-8.42
2011-10-22,-6.53
2011-10-23,-2.755
2011-10-24,-4.759
2011-10-25,-7.565
2011-10-26,-5.303
2011-10-27,-5.545
2011-10-28,-6.854
2011-10-29,-8.846
2011-10-30,-9.53
2011-10-31,-9.631
2011-11-01,-9.144
2011-11-02,-10.213
2011-11-03,-6.698
2011-11-04,-9.374
2011-11-05,-9.364
2011-11-06,-5.861
2011-11-07,-5.721
2011-11-08,-6.74
2011-11-09,-10.173
2011-11-10,-9.313
2011-11-11,-6.246
2011-11-12,-3.9
2011-11-13,-7.273
2011-11-14,-8.478
2011-11-15,-3.458
2011-11-16,-7.834
2011-11-17,-11.785
2011-11-18,-9.508
2011-11-19,-12.98
2011-11-20,-12.243
2011-11-21,-14.378
2011-11-22,-13.914
2011-11-23,-17.28
2011-11-24,-22.007
2011-11-25,-20.934
2011-11-26,-17.322
2011-11-27,-16.461
2011-11-28,-19.298
2011-11-29,-14.722
2011-11-30,-12.974
2011-12-01,-13.742
2011-12-02,-13.395
2011-12-03,-15.241
2011-12-04,-12.048
2011-12-05,-13.623
2011-12-06,-18.255
2011-12-07,-18.468
2011-12-08,-17.524
2011-12-09,-13.922
2011-12-10,-22.103
2011-12-11,-23.215
2011-12-12,-20.354
2011-12-13,-21.762
2011-12-14,-18.89
2011-12-15,-13.131
2011-12-16,-13.021
2011-12-17,-21.325
2011-12-18,-25.162
2011-12-19,-26.831
2011-12-20,-28.661
2011-12-21,-22.829
2011-12-22,-24.683
2011-12-23,-27.874
2011-12-24,-28.074
2011-12-25,-23.572
2011-12-26,-25.027
2011-12-27,-28.982
2011-12-28,-30.87
2011-12-29,-19.474
2011-12-30,-18.74
2011-12-31,-24.696
2012-01-01,-23.007
2012-01-02,-14.811
2012-01-03,-12.085
2012-01-04,-21.869
2012-01-05,-18.474
2012-01-06,-17.619
2012-01-07,-20.325
2012-01-08,-30.274
2012-01-09,-27.649
2012-01-10,-22.627
2012-01-11,-30.073
2012-01-12,-32.8
2012-01-13,-25.223
2012-01-14,-24.706
2012-01-15,-23.746
2012-01-16,-28.275
2012-01-17,-30.622
2012-01-18,-30.037
2012-01-19,-25.668
2012-01-20,-28.078
2012-01-21,-22.124
2012-01-22,-26.436
2012-01-23,-29.321
2012-01-24,-23.402
2012-01-25,-17.666
2012-01-26,-21.422
2012-01-27,-23.814
2012-01-28,-20.029
2012-01-29,-14.835
2012-01-30,-14.38
2012-01-31,-20.292
2012-02-01,-21.911
2012-02-02,-22.353
2012-02-03,-23.664
2012-02-04,-25.076
2012-02-05,-26.288
2012-02-06,-24.18
2012-02-07,-25.216
2012-02-08,-26.211
2012-02-09,-32.195
2012-02-10,-33.212
2012-02-11,-30.826
2012-02-12,-31.237
2012-02-13,-22.241
2012-02-14,-22.026
2012-02-15,-23.755
2012-02-16,-21.629
2012-02-17,-15.444
2012-02-18,-17.028
2012-02-19,-18.088
2012-02-20,-21.051
2012-02-21,-23.179
2012-02-22,-24.734
2012-02-23,-24.851
2012-02-24,-22.433
2012-02-25,-19.934
2012-02-26,-18.489
2012-02-27,-21.509
2012-02-28,-28.683
2012-02-29,-31.375
2012-03-01,-29.798
2012-03-02,-23.455
2012-03-03,-30.44
2012-03-04,-34.995
2012-03-05,-32.464
2012-03-06,-28.78
2012-03-07,-23.328
2012-03-08,-21.567
2012-03-09,-22.616
2012-03-10,-25.616
2012-03-11,-22.366
2012-03-12,-19.843
2012-03-13,-21.287
2012-03-14,-22.609
2012-03-15,-9.837
2012-03-16,-4.922
2012-03-17,-14.543
2012-03-18,-14.289
2012-03-19,-15.895
2012-03-20,-21.29
2012-03-21,-18.604
2012-03-22,-7.775
2012-03-23,-13.669
2012-03-24,-22.052
2012-03-25,-22.524
2012-03-26,-24.801
2012-03-27,-22.395
2012-03-28,-19.05
2012-03-29,-16.24
2012-03-30,-14.495
2012-03-31,-13.817
2012-04-01,-16.364
2012-04-02,-10.33
2012-04-03,-4.55
2012-04-04,-5.202
2012-04-05,-7.702
2012-04-06,-6.136
2012-04-07,-5.555
2012-04-08,-6.395
2012-04-09,-2.613
2012-04-10,-8.876
2012-04-11,-11.39
2012-04-12,-14.778
2012-04-13,-10.115
2012-04-14,-12.428
2012-04-15,-17.659
2012-04-16,-15.673
2012-04-17,-20.088
2012-04-18,-19.169
2012-04-19,-18.617
2012-04-20,-13.3
2012-04-21,-14.567
2012-04-22,-14.472
2012-04-23,-11.467
2012-04-24,-8.203
2012-04-25,-4.072
2012-04-26,-0.235
2012-04-27,-4.842
2012-04-28,-5.67
2012-04-29,-5.511
2012-04-30,-8.237
2012-05-01,-5.938
2012-05-02,-1.537
2012-05-03,1.551
2012-05-04,1.652
2012-05-05,0.355
2012-05-06,-4.096
2012-05-07,-4.407
2012-05-08,-3.893
2012-05-09,-4.565
2012-05-10,-3.567
2012-05-11,-3.687
2012-05-12,-3.15
2012-05-13,-3.836
2012-05-14,-2.044
2012-05-15,1.402
2012-05-16,2.336
2012-05-17,-0.721
2012-05-18,-1.63
2012-05-19,-2.536
2012-05-20,-4.464
2012-05-21,-2.024
2012-05-22,0.602
2012-05-23,-4.195
2012-05-24,-5.413
2012-05-25,-1.603
2012-05-26,-0.428
2012-05-27,-4.306
2012-05-28,-5.245
2012-05-29,-5.154
2012-05-30,-3.212
2012-05-31,-0.428
2012-06-01,1.162
2012-06-02,4.612
2012-06-03,4.908
2012-06-04,5.924
2012-06-05,7.953
2012-06-06,8.294
2012-06-07,6.186
2012-06-08,6.173
2012-06-09,8.757
2012-06-10,6.004
2012-06-11,6.394
2012-06-12,9.547
2012-06-13,15.917
2012-06-14,5.11
2012-06-15,6.554
2012-06-16,13.401
2012-06-17,16.252
2012-06-18,17.998
2012-06-19,17.125
2012-06-20,15.369
2012-06-21,8.688
2012-06-22,12.234
2012-06-23,11.745
2012-06-24,9.823
2012-06-25,10.983
2012-06-26,14.037
2012-06-27,12.501
2012-06-28,9.004
2012-06-29,6.352
2012-06-30,6.176
2012-07-01,5.997
2012-07-02,11.994
2012-07-03,12.455
2012-07-04,11.041
2012-07-05,9.302
2012-07-06,10.721
2012-07-07,11.197
2012-07-08,8.043
2012-07-09,6.934
2012-07-10,7.999
2012-07-11,7.423
2012-07-12,8.111
2012-07-13,7.991
2012-07-14,10.348
2012-07-15,12.152
2012-07-16,8.781
2012-07-17,3.994
2012-07-18,4.981
2012-07-19,5.702
2012-07-20,11.419
2012-07-21,12.663
2012-07-22,14.575
2012-07-23,14.463
2012-07-24,8.257
2012-07-25,9.033
2012-07-26,9.543
2012-07-27,9.063
2012-07-28,10.453
2012-07-29,12.221
2012-07-30,9.657
2012-07-31,10.84
2012-08-01,10.633
2012-08-02,10.618
2012-08-03,5.621
2012-08-04,6.041
2012-08-05,7.595
2012-08-06,9.071
2012-08-07,7.147
2012-08-08,8.929
2012-08-09,6.289
2012-08-10,8.489
2012-08-11,10.42
2012-08-12,12.562
2012-08-13,16.123
2012-08-14,15.764
2012-08-15,14.001
2012-08-16,15.311
2012-08-17,15.036
2012-08-18,13.806
2012-08-19,13.771
2012-08-20,13.124
2012-08-21,11.238
2012-08-22,8.546
2012-08-23,8.418
2012-08-24,9.134
2012-08-25,10.064
2012-08-26,8.806
2012-08-27,9.27
2012-08-28,10.234
2012-08-29,8.218
2012-08-30,4.455
2012-08-31,3.39
2012-09-01,3.839
2012-09-02,4.707
2012-09-03,4.867
2012-09-04,3.409
2012-09-05,4.944
2012-09-06,9.29
2012-09-07,9.43
2012-09-08,8.559
2012-09-09,7.579
2012-09-10,6.133
2012-09-11,2.111
2012-09-12,3.088
2012-09-13,8.743
2012-09-14,0.556
2012-09-15,1.496
2012-09-16,1.524
2012-09-17,4.754
2012-09-18,4
2012-09-19,4.004
2012-09-20,2.219
2012-09-21,3.907
2012-09-22,8.547
2012-09-23,6.706
2012-09-24,6.044
2012-09-25,4.447
2012-09-26,4.005
2012-09-27,1.551
2012-09-28,1.448
2012-09-29,3.356
2012-09-30,5.233
2012-10-01,7.461
2012-10-02,6.812
2012-10-03,4.783
2012-10-04,-0.751
2012-10-05,-2.634
2012-10-06,-2.315
2012-10-07,-0.263
2012-10-08,-1.381
2012-10-09,-2.19
2012-10-10,-1.857
2012-10-11,0.448
2012-10-12,-0.621
2012-10-13,-1.107
2012-10-14,-3.341
2012-10-15,-6.649
2012-10-16,-10.956
2012-10-17,-5.505
2012-10-18,-3.238
2012-10-19,-8.136
2012-10-20,-7.641
2012-10-21,-3.036
2012-10-22,-2.216
2012-10-23,-2.163
2012-10-24,-2.481
2012-10-25,-5.932
2012-10-26,-8.143
2012-10-27,-0.474
2012-10-28,-1.817
2012-10-29,-2.465
2012-10-30,-2.651
2012-10-31,-4.119
2012-11-01,-3.882
2012-11-02,-1.967
2012-11-03,-0.636
2012-11-04,-5.426
2012-11-05,-7.368
2012-11-06,-10.864
2012-11-07,-10.865
2012-11-08,-12.535
2012-11-09,-13.65
2012-11-10,-8.821
2012-11-11,-7.524
2012-11-12,-10.657
2012-11-13,-4.308
2012-11-14,-10.266
2012-11-15,-12.05
2012-11-16,-9.084
2012-11-17,-11.136
2012-11-18,-11.247
2012-11-19,-11.308
2012-11-20,-14.22
2012-11-21,-10.446
2012-11-22,-6.072
2012-11-23,-9.903
2012-11-24,-11.593
2012-11-25,-6.093
2012-11-26,-5.814
2012-11-27,-13.674
2012-11-28,-17.731
2012-11-29,-17.454
2012-11-30,-13.671
2012-12-01,-13.865
2012-12-02,-16.507
2012-12-03,-19.359
2012-12-04,-20.856
2012-12-05,-13.037
2012-12-06,-16.998
2012-12-07,-15.095
2012-12-08,-13.74
2012-12-09,-16.665
2012-12-10,-18.497
2012-12-11,-19.808
2012-12-12,-20.506
2012-12-13,-17.804
2012-12-14,-20.573
2012-12-15,-23.012
2012-12-16,-22.855
2012-12-17,-22.629
2012-12-18,-15.14
2012-12-19,-8.478
2012-12-20,-10.943
2012-12-21,-9.127
2012-12-22,-7.827
2012-12-23,-6.938
2012-12-24,-3.399
2012-12-25,-8.091
2012-12-26,-13.309
2012-12-27,-16.149
2012-12-28,-21.814
2012-12-29,-21.707
2012-12-30,-19.025
2012-12-31,-18.409
2013-01-01,-14.643
2013-01-02,-14.4
2013-01-03,-19.826
2013-01-04,-25.165
2013-01-05,-24.281
2013-01-06,-26.235
2013-01-07,-20.311
2013-01-08,-27.991
2013-01-09,-26.581
2013-01-10,-20.012
2013-01-11,-27.157
2013-01-12,-21.067
2013-01-13,-14.999
2013-01-14,-13.387
2013-01-15,-17.86
2013-01-16,-28.125
2013-01-17,-24.047
2013-01-18,-36.114
2013-01-19,-36.995
2013-01-20,-29.436
2013-01-21,-24.154
2013-01-22,-24.175
2013-01-23,-16.885
2013-01-24,-13.289
2013-01-25,-16.664
2013-01-26,-18.701
2013-01-27,-22.936
2013-01-28,-24.031
2013-01-29,-24.302
2013-01-30,-21.157
2013-01-31,-20.279
2013-02-01,-16.281
2013-02-02,-25.591
2013-02-03,-31.712
2013-02-04,-28.299
2013-02-05,-15.914
2013-02-06,-23.38
2013-02-07,-29.991
2013-02-08,-30.306
2013-02-09,-26.717
2013-02-10,-22.055
2013-02-11,-24.936
2013-02-12,-26.683
2013-02-13,-23.594
2013-02-14,-16.187
2013-02-15,-17.437
2013-02-16,-20.349
2013-02-17,-12.688
2013-02-18,-10.231
2013-02-19,-12.171
2013-02-20,-17.724
2013-02-21,-21.011
2013-02-22,-23.287
2013-02-23,-19.854
2013-02-24,-19.686
2013-02-25,-20.757
2013-02-26,-16.623
2013-02-27,-11.424
2013-02-28,-15.678
2013-03-01,-19.651
2013-03-02,-22.89
2013-03-03,-14.725
2013-03-04,-8.704
2013-03-05,-9.232
2013-03-06,-8.879
2013-03-07,-8.877
2013-03-08,-5.359
2013-03-09,-7.874
2013-03-10,-7.79
2013-03-11,-7.425
2013-03-12,-18.061
2013-03-13,-15.329
2013-03-14,-8.98
2013-03-15,-5.806
2013-03-16,-14.234
2013-03-17,-20.492
2013-03-18,-20.467
2013-03-19,-15.837
2013-03-20,-6.697
2013-03-21,-4.636
2013-03-22,-5.252
2013-03-23,-4.562
2013-03-24,-7.474
2013-03-25,-10.12
2013-03-26,-8.563
2013-03-27,-6.827
2013-03-28,-12.057
2013-03-29,-15.998
2013-03-30,-17.588
2013-03-31,-11.553
2013-04-01,-5.975
2013-04-02,-5.258
2013-04-03,-4.485
2013-04-04,-9.593
2013-04-05,-9.455
2013-04-06,-13.427
2013-04-07,-18.579
2013-04-08,-13.792
2013-04-09,-11.409
2013-04-10,-14.183
2013-04-11,-9.045
2013-04-12,-9.085
2013-04-13,-10.598
2013-04-14,-7.905
2013-04-15,-10.473
2013-04-16,-11.004
2013-04-17,-10.46
2013-04-18,-16.599
2013-04-19,-16.354
2013-04-20,-17.135
2013-04-21,-15.485
2013-04-22,-14.727
2013-04-23,-6.738
2013-04-24,-8.122
2013-04-25,-4.857
2013-04-26,-8.635
2013-04-27,-3.212
2013-04-28,-1.945
2013-04-29,-3.272
2013-04-30,-0.799
2013-05-01,1.061
2013-05-02,2.502
2013-05-03,-5.506
2013-05-04,-6.675
2013-05-05,-5.731
2013-05-06,-0.836
2013-05-07,-6.084
2013-05-08,-7.993
2013-05-09,-9.597
2013-05-10,-14.147
2013-05-11,-14.533
2013-05-12,-10.11
2013-05-13,-7.106
2013-05-14,-6.188
2013-05-15,-7.889
2013-05-16,-8.237
2013-05-17,-8.479
2013-05-18,-7.775
2013-05-19,-0.378
2013-05-20,3.772
2013-05-21,0.32
2013-05-22,-1.944
2013-05-23,-3.666
2013-05-24,-5.056
2013-05-25,-5.006
2013-05-26,-4.507
2013-05-27,-4.439
2013-05-28,-4.874
2013-05-29,-3.064
2013-05-30,-2.117
2013-05-31,-3.446
2013-06-01,-5.114
2013-06-02,-4.514
2013-06-03,-1.565
2013-06-04,-0.573
2013-06-05,-3.508
2013-06-06,-2.63
2013-06-07,-1.96
2013-06-08,-0.222
2013-06-09,0.868
2013-06-10,1.963
2013-06-11,2.729
2013-06-12,1.815
2013-06-13,-2.135
2013-06-14,-2.534
2013-06-15,-1.676
2013-06-16,-1.124
2013-06-17,0.175
2013-06-18,3.167
2013-06-19,3.342
2013-06-20,5.852
2013-06-21,2.442
2013-06-22,0.139
2013-06-23,-1.619
2013-06-24,-2.389
2013-06-25,-0.399
2013-06-26,1.864
2013-06-27,1.924
2013-06-28,0.952
2013-06-29,3.247
2013-06-30,6.399
2013-07-01,1.623
2013-07-02,5.674
2013-07-03,3.76
2013-07-04,0.981
2013-07-05,4.751
2013-07-06,7.717
2013-07-07,3.837
2013-07-08,-0.119
2013-07-09,3.263
2013-07-10,8.071
2013-07-11,9.958
2013-07-12,6.002
2013-07-13,7.117
2013-07-14,10.76
2013-07-15,7.701
2013-07-16,7.832
2013-07-17,9.21
2013-07-18,6.357
2013-07-19,3.968
2013-07-20,2.774
2013-07-21,5.804
2013-07-22,4.776
2013-07-23,3.521
2013-07-24,2.015
2013-07-25,2.935
2013-07-26,6.871
2013-07-27,10.234
2013-07-28,13.755
2013-07-29,15.263
2013-07-30,16.436
2013-07-31,12.82
2013-08-01,11.814
2013-08-02,10.002
2013-08-03,9.154
2013-08-04,6.44
2013-08-05,5.779
2013-08-06,5.947
2013-08-07,9.208
2013-08-08,11.942
2013-08-09,13.759
2013-08-10,10.325
2013-08-11,6.764
2013-08-12,5.165
2013-08-13,8.527
2013-08-14,9.479
2013-08-15,9.328
2013-08-16,10.168
2013-08-17,11.317
2013-08-18,10.39
2013-08-19,3.972
2013-08-20,6.693
2013-08-21,11.84
2013-08-22,11.437
2013-08-23,7.482
2013-08-24,5.967
2013-08-25,7.773
2013-08-26,8.371
2013-08-27,2.196
2013-08-28,0.746
2013-08-29,4.924
2013-08-30,4.982
2013-08-31,-0.352
2013-09-01,0.251
2013-09-02,4.436
2013-09-03,8.051
2013-09-04,9.22
2013-09-05,4.798
2013-09-06,1.002
2013-09-07,0.917
2013-09-08,-0.362
2013-09-09,-2.037
2013-09-10,-2.01
2013-09-11,-2.092
2013-09-12,-1.98
2013-09-13,-0.696
2013-09-14,-1.815
2013-09-15,3.057
2013-09-16,1.257
2013-09-17,-1.636
2013-09-18,-2.349
2013-09-19,-2.799
2013-09-20,-1.334
2013-09-21,-2.915
2013-09-22,1.215
2013-09-23,0.573
2013-09-24,0.149
2013-09-25,4.244
2013-09-26,8.215
2013-09-27,7.644
2013-09-28,6.71
2013-09-29,11.451
2013-09-30,8.066
2013-10-01,7.068
2013-10-02,7.672
2013-10-03,4.267
2013-10-04,1.102
2013-10-05,1.861
2013-10-06,0.781
2013-10-07,-0.401
2013-10-08,2.514
2013-10-09,-2.765
2013-10-10,-3.541
2013-10-11,-5.835
2013-10-12,-4.643
2013-10-13,2.733
2013-10-14,4.155
2013-10-15,-0.852
2013-10-16,-3.007
2013-10-17,-2.663
2013-10-18,-0.918
2013-10-19,-0.241
2013-10-20,-0.39
2013-10-21,-1.239
2013-10-22,-1.533
2013-10-23,-2.329
2013-10-24,-3.069
2013-10-25,-4.689
2013-10-26,-6.923
2013-10-27,-9.079
2013-10-28,-10.372
2013-10-29,-10.629
2013-10-30,-12.332
2013-10-31,-12.984
2013-11-01,-11.621
2013-11-02,-5.42
2013-11-03,-8.428
2013-11-04,-11.594
2013-11-05,-11.15
2013-11-06,-15.807
2013-11-07,-16.023
2013-11-08,-10.189
2013-11-09,-11.889
2013-11-10,-12.949
2013-11-11,-14.715
2013-11-12,-14.971
2013-11-13,-17.217
2013-11-14,-18.145
2013-11-15,-16.432
2013-11-16,-13.863
2013-11-17,-3.831
2013-11-18,-1.683
2013-11-19,-1.813
2013-11-20,-13.513
2013-11-21,-13.367
2013-11-22,-11.171
2013-11-23,-8.316
2013-11-24,-6.031
2013-11-25,-7.484
2013-11-26,-13.965
2013-11-27,-19.765
2013-11-28,-10.832
2013-11-29,-13.412
2013-11-30,-22.874
2013-12-01,-24.001
2013-12-02,-22.628
2013-12-03,-25.389
2013-12-04,-26.291
2013-12-05,-21.578
2013-12-06,-13.517
2013-12-07,-13.337
2013-12-08,-12.659
2013-12-09,-19.992
2013-12-10,-21.411
2013-12-11,-18.653
2013-12-12,-21.092
2013-12-13,-18.002
2013-12-14,-20.296
2013-12-15,-25.159
2013-12-16,-29.363
2013-12-17,-26.228
2013-12-18,-22.351
2013-12-19,-22.496
2013-12-20,-24.619
2013-12-21,-30.219
2013-12-22,-31.681
2013-12-23,-33.2
2013-12-24,-33.124
2013-12-25,-28.187
2013-12-26,-24.924
2013-12-27,-25.257
2013-12-28,-24.362
2013-12-29,-27.303
2013-12-30,-28.418
2013-12-31,-24.397
2014-01-01,-30.484
2014-01-02,-32.8
2014-01-03,-24.344
2014-01-04,-15.572
2014-01-05,-18.686
2014-01-06,-19.504
2014-01-07,-13.868
2014-01-08,-24.074
2014-01-09,-24.65
2014-01-10,-25.172
2014-01-11,-27.526
2014-01-12,-20.897
2014-01-13,-15.744
2014-01-14,-12.475
2014-01-15,-13.534
2014-01-16,-20.253
2014-01-17,-21.529
2014-01-18,-18.715
2014-01-19,-19.816
2014-01-20,-20.952
2014-01-21,-16.051
2014-01-22,-20.03
2014-01-23,-25.056
2014-01-24,-28.535
2014-01-25,-24.78
2014-01-26,-21.133
2014-01-27,-13.415
2014-01-28,-24.761
2014-01-29,-27.521
2014-01-30,-25.515
2014-01-31,-22.731
2014-02-01,-25.981
2014-02-02,-28.088
2014-02-03,-26.289
2014-02-04,-25.756
2014-02-05,-28.855
2014-02-06,-29.794
2014-02-07,-28.524
2014-02-08,-28.96
2014-02-09,-28.671
2014-02-10,-25.84
2014-02-11,-25.132
2014-02-12,-25.942
2014-02-13,-21.179
2014-02-14,-29.812
2014-02-15,-30.371
2014-02-16,-28.204
2014-02-17,-27.163
2014-02-18,-27.997
2014-02-19,-25.44
2014-02-20,-20.648
2014-02-21,-21.615
2014-02-22,-19.85
2014-02-23,-18.042
2014-02-24,-16.604
2014-02-25,-16.967
2014-02-26,-25.473
2014-02-27,-28.624
2014-02-28,-29.502
2014-03-01,-28.251
2014-03-02,-27.483
2014-03-03,-26.806
2014-03-04,-26.423
2014-03-05,-25.893
2014-03-06,-23.746
2014-03-07,-23.487
2014-03-08,-25.169
2014-03-09,-27.202
2014-03-10,-28.863
2014-03-11,-29.914
2014-03-12,-25.409
2014-03-13,-25.691
2014-03-14,-28.089
2014-03-15,-25.795
2014-03-16,-21.04
2014-03-17,-17.387
2014-03-18,-18.337
2014-03-19,-21.678
2014-03-20,-20.594
2014-03-21,-16.194
2014-03-22,-14.265
2014-03-23,-19.185
2014-03-24,-23.676
2014-03-25,-25.007
2014-03-26,-22.379
2014-03-27,-18.311
2014-03-28,-19.676
2014-03-29,-19.834
2014-03-30,-18.955
2014-03-31,-15.305
2014-04-01,-19.462
2014-04-02,-17.644
2014-04-03,-8.044
2014-04-04,-15.99
2014-04-05,-18.683
2014-04-06,-16.195
2014-04-07,-11.998
2014-04-08,-11.475
2014-04-09,-9.372
2014-04-10,-18.207
2014-04-11,-14.152
2014-04-12,-19.344
2014-04-13,-21.194
2014-04-14,-21.735
2014-04-15,-15.235
2014-04-16,-11.563
2014-04-17,-18.046
2014-04-18,-14.135
2014-04-19,-17.843
2014-04-20,-14.309
2014-04-21,-13.44
2014-04-22,-14.698
2014-04-23,-12.26
2014-04-24,-10.421
2014-04-25,-10.333
2014-04-26,-7.95
2014-04-27,-8.578
2014-04-28,-10.238
2014-04-29,-11.964
2014-04-30,-9.155
2014-05-01,-9.046
2014-05-02,-8.051
2014-05-03,-5.083
2014-05-04,-5.159
2014-05-05,-6.185
2014-05-06,-5.432
2014-05-07,-5.236
2014-05-08,-9.095
2014-05-09,-10.138
2014-05-10,-9.176
2014-05-11,-7.751
2014-05-12,-5.791
2014-05-13,-4.849
2014-05-14,-2.39
2014-05-15,0.266
2014-05-16,-3.708
2014-05-17,-1.28
2014-05-18,5.684
2014-05-19,0.851
2014-05-20,0.232
2014-05-21,-1.546
2014-05-22,-0.825
2014-05-23,1.554
2014-05-24,3.694
2014-05-25,2.909
2014-05-26,1.771
2014-05-27,3.805
2014-05-28,5.453
2014-05-29,0.815
2014-05-30,-1.72
2014-05-31,0.566
2014-06-01,5.886
2014-06-02,1.599
2014-06-03,-1.331
2014-06-04,4.044
2014-06-05,4.318
2014-06-06,2.876
2014-06-07,5.359
2014-06-08,8.346
2014-06-09,8.038
2014-06-10,4.041
2014-06-11,2.283
2014-06-12,4.63
2014-06-13,9.703
2014-06-14,11.896
2014-06-15,7.333
2014-06-16,4.955
2014-06-17,4.83
2014-06-18,2.383
2014-06-19,-0.29
2014-06-20,2.274
2014-06-21,8.892
2014-06-22,11.865
2014-06-23,11.583
2014-06-24,4.098
2014-06-25,4.596
2014-06-26,6.737
2014-06-27,11.142
2014-06-28,13.161
2014-06-29,6.042
2014-06-30,2.359
2014-07-01,0.253
2014-07-02,1.173
2014-07-03,6.286
2014-07-04,6.886
2014-07-05,5.634
2014-07-06,7.325
2014-07-07,3.573
2014-07-08,3.119
2014-07-09,4.608
2014-07-10,1.838
2014-07-11,3.408
2014-07-12,5.649
2014-07-13,6.52
2014-07-14,5.023
2014-07-15,5.553
2014-07-16,8.699
2014-07-17,8.747
2014-07-18,9.707
2014-07-19,15.077
2014-07-20,19.203
2014-07-21,20.513
2014-07-22,18.325
2014-07-23,12.71
2014-07-24,7.515
2014-07-25,5.874
2014-07-26,8.749
2014-07-27,5.246
2014-07-28,5.033
2014-07-29,5.745
2014-07-30,8.485
2014-07-31,12.461
2014-08-01,12.906
2014-08-02,13.583
2014-08-03,13.036
2014-08-04,12.777
2014-08-05,8.91
2014-08-06,7.587
2014-08-07,10.539
2014-08-08,14.504
2014-08-09,16.074
2014-08-10,11.278
2014-08-11,12.603
2014-08-12,12.592
2014-08-13,11.076
2014-08-14,13.677
2014-08-15,15.212
2014-08-16,17.854
2014-08-17,16.966
2014-08-18,12.03
2014-08-19,12.33
2014-08-20,12.851
2014-08-21,12.126
2014-08-22,14.602
2014-08-23,17.342
2014-08-24,11.829
2014-08-25,3.867
2014-08-26,3.451
2014-08-27,3.925
2014-08-28,3.648
2014-08-29,7.897
2014-08-30,10.606
2014-08-31,5.043
2014-09-01,6.059
2014-09-02,6.622
2014-09-03,9.864
2014-09-04,5.5
2014-09-05,3.751
2014-09-06,3.254
2014-09-07,1.732
2014-09-08,2.519
2014-09-09,4.981
2014-09-10,2.636
2014-09-11,1.632
2014-09-12,0.465
2014-09-13,-1.634
2014-09-14,2.848
2014-09-15,4.129
2014-09-16,4.518
2014-09-17,3.464
2014-09-18,-1.34
2014-09-19,-1.292
2014-09-20,-4.104
2014-09-21,-1.68
2014-09-22,-2.432
2014-09-23,-2.646
2014-09-24,-2.763
2014-09-25,1.566
2014-09-26,-0.631
2014-09-27,-2.445
2014-09-28,-4.851
2014-09-29,-5.593
2014-09-30,-4.073
2014-10-01,-7.805
2014-10-02,-5.728
2014-10-03,4.169
2014-10-04,2.909
2014-10-05,2.076
2014-10-06,3.337
2014-10-07,3.307
2014-10-08,1.482
2014-10-09,1.794
2014-10-10,1.202
2014-10-11,-3.913
2014-10-12,-1.59
2014-10-13,-0.889
2014-10-14,2.752
2014-10-15,-0.605
2014-10-16,-2.791
2014-10-17,0.367
2014-10-18,-4.315
2014-10-19,-4.893
2014-10-20,-4.625
2014-10-21,-6.163
2014-10-22,-4.023
2014-10-23,-1.391
2014-10-24,-6.196
2014-10-25,-6.716
2014-10-26,-5.698
2014-10-27,-5.148
2014-10-28,-4.798
2014-10-29,-3.73
2014-10-30,-3.687
2014-10-31,-3.447
2014-11-01,-7.125
2014-11-02,-8.591
2014-11-03,-11.071
2014-11-04,-11.049
2014-11-05,-11.515
2014-11-06,-6.535
2014-11-07,-5.877
2014-11-08,-5.471
2014-11-09,-3.893
2014-11-10,-3.149
2014-11-11,-6.089
2014-11-12,-11.357
2014-11-13,-12.769
2014-11-14,-9.526
2014-11-15,-16.847
2014-11-16,-17.894
2014-11-17,-19.873
2014-11-18,-17.687
2014-11-19,-7.526
2014-11-20,-10.848
2014-11-21,-17.425
2014-11-22,-21.611
2014-11-23,-21.34
2014-11-24,-17.841
2014-11-25,-12.539
2014-11-26,-14.084
2014-11-27,-18.674
2014-11-28,-21.455
2014-11-29,-23.306
2014-11-30,-24.966
2014-12-01,-17.498
2014-12-02,-19.644
2014-12-03,-22.777
2014-12-04,-20.398
2014-12-05,-19.122
2014-12-06,-25.545
2014-12-07,-27.062
2014-12-08,-26.313
2014-12-09,-30.383
2014-12-10,-30.039
2014-12-11,-17.888
2014-12-12,-11.833
2014-12-13,-9.848
2014-12-14,-8.322
2014-12-15,-14.746
2014-12-16,-23.11
2014-12-17,-25.032
2014-12-18,-20.002
2014-12-19,-21.646
2014-12-20,-24.201
2014-12-21,-20.763
2014-12-22,-20.319
2014-12-23,-15.834
2014-12-24,-16.48
2014-12-25,-9.259
2014-12-26,-5.228
2014-12-27,-6.424
2014-12-28,-14.304
2014-12-29,-21.57
2014-12-30,-25.928
2014-12-31,-31.736
2015-01-01,-33.435
2015-01-02,-30.676
2015-01-03,-32.124
2015-01-04,-33.633
2015-01-05,-28.385
2015-01-06,-26.161
2015-01-07,-31.58
2015-01-08,-33.994
2015-01-09,-31.367
2015-01-10,-31.063
2015-01-11,-34.866
2015-01-12,-36.661
2015-01-13,-34.724
2015-01-14,-30.968
2015-01-15,-31.11
2015-01-16,-28.4
2015-01-17,-27.817
2015-01-18,-30.879
2015-01-19,-29.82
2015-01-20,-24.954
2015-01-21,-27.555
2015-01-22,-27.551
2015-01-23,-23.222
2015-01-24,-23.547
2015-01-25,-22.179
2015-01-26,-24.126
2015-01-27,-31.868
2015-01-28,-22.865
2015-01-29,-24.678
2015-01-30,-24.893
2015-01-31,-29.958
2015-02-01,-25.905
2015-02-02,-28.446
2015-02-03,-33.69
2015-02-04,-30.912
2015-02-05,-31.798
2015-02-06,-36.202
2015-02-07,-36.752
2015-02-08,-34.878
2015-02-09,-34.174
2015-02-10,-28.368
2015-02-11,-34.528
2015-02-12,-37.183
2015-02-13,-35.329
2015-02-14,-31.277
2015-02-15,-34.911
2015-02-16,-34.106
2015-02-17,-28.434
2015-02-18,-28.083
2015-02-19,-27.187
2015-02-20,-25.506
2015-02-21,-20.665
2015-02-22,-26.201
2015-02-23,-28.918
2015-02-24,-30.52
2015-02-25,-29.052
2015-02-26,-28.588
2015-02-27,-31.824
2015-02-28,-32.94
2015-03-01,-30.152
2015-03-02,-21.498
2015-03-03,-24.507
2015-03-04,-26.993
2015-03-05,-24.928
2015-03-06,-29.185
2015-03-07,-30.926
2015-03-08,-29.679
2015-03-09,-32.217
2015-03-10,-32.383
2015-03-11,-30.216
2015-03-12,-29.75
2015-03-13,-30.283
2015-03-14,-28.726
2015-03-15,-24.642
2015-03-16,-12.937
2015-03-17,-12.036
2015-03-18,-17.763
2015-03-19,-19.616
2015-03-20,-18.397
2015-03-21,-13.075
2015-03-22,-11.744
2015-03-23,-13.065
2015-03-24,-21.647
2015-03-25,-25.446
2015-03-26,-24.946
2015-03-27,-24.463
2015-03-28,-22.724
2015-03-29,-20.534
2015-03-30,-19.699
2015-03-31,-15.544
2015-04-01,-10.047
2015-04-02,-10.383
2015-04-03,-12.71
2015-04-04,-13.416
2015-04-05,-22.616
2015-04-06,-23.573
2015-04-07,-23.37
2015-04-08,-21.707
2015-04-09,-20.233
2015-04-10,-11.613
2015-04-11,-12.181
2015-04-12,-17.011
2015-04-13,-7.203
2015-04-14,-0.915
2015-04-15,-18.082
2015-04-16,-18.53
2015-04-17,-16.815
2015-04-18,-15.332
2015-04-19,-11.317
2015-04-20,-11.561
2015-04-21,-8.242
2015-04-22,-2.538
2015-04-23,-3.588
2015-04-24,-2.635
2015-04-25,-4.056
2015-04-26,-6.117
2015-04-27,-3.399
2015-04-28,-1.588
2015-04-29,-0.559
2015-04-30,-0.032
2015-05-01,-1.613
2015-05-02,-2.055
2015-05-03,2.104
2015-05-04,1.161
2015-05-05,-4.167
2015-05-06,-6.341
2015-05-07,-5.355
2015-05-08,-3.984
2015-05-09,-0.527
2015-05-10,-3.459
2015-05-11,-9.018
2015-05-12,-9.644
2015-05-13,-9.623
2015-05-14,-8.756
2015-05-15,-7.306
2015-05-16,-1.889
2015-05-17,5.579
2015-05-18,-6.232
2015-05-19,-8.085
2015-05-20,-6.18
2015-05-21,-5.817
2015-05-22,-7.139
2015-05-23,-3.949
2015-05-24,0.009
2015-05-25,-3.043
2015-05-26,-3.2
2015-05-27,-5.334
2015-05-28,-5.333
2015-05-29,-6.314
2015-05-30,-5.033
2015-05-31,-5.501
2015-06-01,-2.162
2015-06-02,-1.304
2015-06-03,3.133
2015-06-04,3.605
2015-06-05,0.784
2015-06-06,-0.177
2015-06-07,-1.34
2015-06-08,0.113
2015-06-09,-0.267
2015-06-10,-0.93
2015-06-11,-0.706
2015-06-12,-1.481
2015-06-13,-1.635
2015-06-14,-0.36
2015-06-15,3.62
2015-06-16,3.082
2015-06-17,1.684
2015-06-18,2.633
2015-06-19,1.475
2015-06-20,3.283
2015-06-21,3.666
2015-06-22,9.452
2015-06-23,12.107
2015-06-24,15.601
2015-06-25,11.139
2015-06-26,11.311
2015-06-27,11.97
2015-06-28,7.678
2015-06-29,9.086
2015-06-30,8.343
2015-07-01,5.266
2015-07-02,4.153
2015-07-03,4.263
2015-07-04,1.885
2015-07-05,3.299
2015-07-06,6.096
2015-07-07,10.05
2015-07-08,8.247
2015-07-09,1.793
2015-07-10,3.47
2015-07-11,7.948
2015-07-12,10.785
2015-07-13,5.743
2015-07-14,4.004
2015-07-15,8.051
2015-07-16,8.078
2015-07-17,7.033
2015-07-18,8.333
2015-07-19,9.892
2015-07-20,8.339
2015-07-21,6.552
2015-07-22,5.911
2015-07-23,8.035
2015-07-24,8.758
2015-07-25,12.165
2015-07-26,15.645
2015-07-27,13.645
2015-07-28,10.263
2015-07-29,11.24
2015-07-30,15.229
2015-07-31,14.314
2015-08-01,11.996
2015-08-02,6.854
2015-08-03,5.327
2015-08-04,4.618
2015-08-05,3.777
2015-08-06,3.768
2015-08-07,7.718
2015-08-08,11.782
2015-08-09,13.505
2015-08-10,13.766
2015-08-11,6.449
2015-08-12,7.201
2015-08-13,11.105
2015-08-14,14.226
2015-08-15,12.302
2015-08-16,8.329
2015-08-17,7.111
2015-08-18,6.454
2015-08-19,8.937
2015-08-20,5.915
2015-08-21,3.934
2015-08-22,5.378
2015-08-23,7.688
2015-08-24,5.381
2015-08-25,5.238
2015-08-26,8.267
2015-08-27,14.147
2015-08-28,9.315
2015-08-29,7.772
2015-08-30,4.44
2015-08-31,3.058
2015-09-01,3.027
2015-09-02,0.986
2015-09-03,1.351
2015-09-04,1.983
2015-09-05,2.264
2015-09-06,0.648
2015-09-07,0.711
2015-09-08,1.304
2015-09-09,1.209
2015-09-10,2.361
2015-09-11,3.365
2015-09-12,4.623
2015-09-13,6.447
2015-09-14,8.421
2015-09-15,8.384
2015-09-16,2.393
2015-09-17,0.585
2015-09-18,0.119
2015-09-19,-0.186
2015-09-20,1.256
2015-09-21,-0.853
2015-09-22,3.801
2015-09-23,4.217
2015-09-24,0.045
2015-09-25,-2.25
2015-09-26,-4.118
2015-09-27,-1.285
2015-09-28,3.954
2015-09-29,0.304
2015-09-30,0.135
2015-10-01,-0.319
2015-10-02,-1.487
2015-10-03,2.837
2015-10-04,4.556
2015-10-05,0.457
2015-10-06,-2.711
2015-10-07,-0.207
2015-10-08,1.14
2015-10-09,-2.684
2015-10-10,-3.188
2015-10-11,-4.614
2015-10-12,-5.743
2015-10-13,-5.468
2015-10-14,-0.769
2015-10-15,-6.016
2015-10-16,-8.818
2015-10-17,-10.279
2015-10-18,-11.965
2015-10-19,-11.805
2015-10-20,-7.366
2015-10-21,-4.868
2015-10-22,-9.346
2015-10-23,-10.476
2015-10-24,-8.8
2015-10-25,-2.766
2015-10-26,-12.786
2015-10-27,-13.371
2015-10-28,-13.749
2015-10-29,-10.413
2015-10-30,-4.75
2015-10-31,-6.586
2015-11-01,-11.684
2015-11-02,-15.737
2015-11-03,-16.005
2015-11-04,-9.658
2015-11-05,-8.965
2015-11-06,-12.943
2015-11-07,-5.968
2015-11-08,-8.283
2015-11-09,-14.002
2015-11-10,-17.235
2015-11-11,-16.527
2015-11-12,-19.359
2015-11-13,-15.923
2015-11-14,-12.496
2015-11-15,-9.602
2015-11-16,-13.301
2015-11-17,-10.578
2015-11-18,-10.43
2015-11-19,-3.382
2015-11-20,1.259
2015-11-21,-0.308
2015-11-22,-8.244
2015-11-23,-10.897
2015-11-24,-15.557
2015-11-25,-17.904
2015-11-26,-16.894
2015-11-27,-17.644
2015-11-28,-22.07
2015-11-29,-22.455
2015-11-30,-22.978
2015-12-01,-20.784
2015-12-02,-22.992
2015-12-03,-26.511
2015-12-04,-27.403
2015-12-05,-24.219
2015-12-06,-23.264
2015-12-07,-17.849
2015-12-08,-22.747
2015-12-09,-21.175
2015-12-10,-13.499
2015-12-11,-9.899
2015-12-12,-7.328
2015-12-13,-10.029
2015-12-14,-18.03
2015-12-15,-23.111
2015-12-16,-22.533
2015-12-17,-23.956
2015-12-18,-17.866
2015-12-19,-12.034
2015-12-20,-17.077
2015-12-21,-26.054
2015-12-22,-28.02
2015-12-23,-26.373
2015-12-24,-16.711
2015-12-25,-10.312
2015-12-26,-24.254
2015-12-27,-24.412
2015-12-28,-21.764
2015-12-29,-24.951
2015-12-30,-25.676
2015-12-31,-23.413
2016-01-01,-23.214
2016-01-02,-20.849
2016-01-03,-21.285
2016-01-04,-21.491
2016-01-05,-26.172
2016-01-06,-22.75
2016-01-07,-24.514
2016-01-08,-24.969
2016-01-09,-22.4
2016-01-10,-13.863
2016-01-11,-9.807
2016-01-12,-10.522
2016-01-13,-23.349
2016-01-14,-19.624
2016-01-15,-9.304
2016-01-16,-13.017
2016-01-17,-8.051
2016-01-18,-9.58
2016-01-19,-8.369
2016-01-20,-12.053
2016-01-21,-14.705
2016-01-22,-21.39
2016-01-23,-24.759
2016-01-24,-25.657
2016-01-25,-31.257
2016-01-26,-27.887
2016-01-27,-33.821
2016-01-28,-33.138
2016-01-29,-33.184
2016-01-30,-30.679
2016-01-31,-24.642
2016-02-01,-20.894
2016-02-02,-21.537
2016-02-03,-24.972
2016-02-04,-24.752
2016-02-05,-24.232
2016-02-06,-25.954
2016-02-07,-28.533
2016-02-08,-28.064
2016-02-09,-26.988
2016-02-10,-18.823
2016-02-11,-15.354
2016-02-12,-18.856
2016-02-13,-18.861
2016-02-14,-20.13
2016-02-15,-21.574
2016-02-16,-19.169
2016-02-17,-17.131
2016-02-18,-25.544
2016-02-19,-25.202
2016-02-20,-21.85
2016-02-21,-14.844
2016-02-22,-27.873
2016-02-23,-31.147
2016-02-24,-28.634
2016-02-25,-27.252
2016-02-26,-20.681
2016-02-27,-23.827
2016-02-28,-21.883
2016-02-29,-23.248
2016-03-01,-23.111
2016-03-02,-19.973
2016-03-03,-19.97
2016-03-04,-18.116
2016-03-05,-22.514
2016-03-06,-24.485
2016-03-07,-20.455
2016-03-08,-30.166
2016-03-09,-28.736
2016-03-10,-27.67
2016-03-11,-26.561
2016-03-12,-27.253
2016-03-13,-25.098
2016-03-14,-22.303
2016-03-15,-9.87
2016-03-16,-14.244
2016-03-17,-20.383
2016-03-18,-15.984
2016-03-19,-15.133
2016-03-20,-18.022
2016-03-21,-17.954
2016-03-22,-18.496
2016-03-23,-16.483
2016-03-24,-18.347
2016-03-25,-21.269
2016-03-26,-23.057
2016-03-27,-21.917
2016-03-28,-19.206
2016-03-29,-22.227
2016-03-30,-19.836
2016-03-31,-20.212
2016-04-01,-21.943
2016-04-02,-14.772
2016-04-03,-22.079
2016-04-04,-18.818
2016-04-05,-16.635
2016-04-06,-19.61
2016-04-07,-22.034
2016-04-08,-20.94
2016-04-09,-7.248
2016-04-10,-10.791
2016-04-11,-16.519
2016-04-12,-15.064
2016-04-13,-8.537
2016-04-14,-14.076
2016-04-15,-15.529
2016-04-16,-8.785
2016-04-17,-11.793
2016-04-18,-13.22
2016-04-19,-16.396
2016-04-20,-15.451
2016-04-21,-6.161
2016-04-22,-11.538
2016-04-23,-9.527
2016-04-24,-11.605
2016-04-25,-11.598
2016-04-26,-4.032
2016-04-27,-9.213
2016-04-28,-11.398
2016-04-29,-5.649
2016-04-30,-4.898
2016-05-01,-7.752
2016-05-02,-8.678
2016-05-03,-3.91
2016-05-04,-0.869
2016-05-05,-1.294
2016-05-06,-1.607
2016-05-07,-4.913
2016-05-08,-0.377
2016-05-09,-4.694
2016-05-10,-4.575
2016-05-11,-4.026
2016-05-12,-1.86
2016-05-13,-2.034
2016-05-14,0.871
2016-05-15,2.876
2016-05-16,0.162
2016-05-17,-2.162
2016-05-18,-0.076
2016-05-19,-0.847
2016-05-20,-4.418
2016-05-21,-4.195
2016-05-22,-3.437
2016-05-23,-0.643
2016-05-24,-1.556
2016-05-25,-4.528
2016-05-26,-4.582
2016-05-27,-4.943
2016-05-28,-3.804
2016-05-29,-3.634
2016-05-30,-5.247
2016-05-31,-5.618
2016-06-01,-4.004
2016-06-02,-3.463
2016-06-03,-3.082
2016-06-04,-3.124
2016-06-05,-3.815
2016-06-06,-2.509
2016-06-07,-1.122
2016-06-08,-0.189
2016-06-09,1.746
2016-06-10,1.965
2016-06-11,2.409
2016-06-12,2.588
2016-06-13,4.86
2016-06-14,5.583
2016-06-15,4.933
2016-06-16,7.609
2016-06-17,7.662
2016-06-18,9.9
2016-06-19,11.392
2016-06-20,5.668
2016-06-21,1.652
2016-06-22,5.714
2016-06-23,4.435
2016-06-24,5.165
2016-06-25,5.337
2016-06-26,4.349
2016-06-27,5.608
2016-06-28,3.251
2016-06-29,6.032
2016-06-30,9.014
2016-07-01,11.412
2016-07-02,13.117
2016-07-03,6.383
2016-07-04,3.096
2016-07-05,2.399
2016-07-06,5.918
2016-07-07,10.589
2016-07-08,7.83
2016-07-09,3.97
2016-07-10,7.824
2016-07-11,12.06
2016-07-12,7.282
2016-07-13,10.178
2016-07-14,5.178
2016-07-15,9.885
2016-07-16,9.365
2016-07-17,15.345
2016-07-18,17.88
2016-07-19,16.054
2016-07-20,10.822
2016-07-21,12.135
2016-07-22,11.12
2016-07-23,9.137
2016-07-24,9.676
2016-07-25,9.446
2016-07-26,8.879
2016-07-27,6.661
2016-07-28,5.04
2016-07-29,3.692
2016-07-30,5.306
2016-07-31,7.394
2016-08-01,8.458
2016-08-02,11.007
2016-08-03,11.655
2016-08-04,12.686
2016-08-05,9.759
2016-08-06,5.576
2016-08-07,4.338
2016-08-08,4.223
2016-08-09,4.837
2016-08-10,9.316
2016-08-11,7.847
2016-08-12,5.677
2016-08-13,7.165
2016-08-14,8.933
2016-08-15,8.558
2016-08-16,10.489
2016-08-17,10.983
2016-08-18,10.309
2016-08-19,12.029
2016-08-20,12.665
2016-08-21,11.761
2016-08-22,12.411
2016-08-23,9.577
2016-08-24,7.77
2016-08-25,6.542
2016-08-26,7.025
2016-08-27,7.562
2016-08-28,6.821
2016-08-29,5.724
2016-08-30,4.914
2016-08-31,3.789
2016-09-01,4.352
2016-09-02,0.965
2016-09-03,1.414
2016-09-04,3.183
2016-09-05,9.71
2016-09-06,1.869
2016-09-07,1.036
2016-09-08,4.041
2016-09-09,2.179
2016-09-10,4.281
2016-09-11,7.227
2016-09-12,1.374
2016-09-13,-0.54
2016-09-14,2.604
2016-09-15,2.676
2016-09-16,0.054
2016-09-17,-2.163
2016-09-18,-2.09
2016-09-19,-0.573
2016-09-20,3.748
2016-09-21,6.879
2016-09-22,7.663
2016-09-23,3.86
2016-09-24,1.338
2016-09-25,0.476
2016-09-26,0.34
2016-09-27,0.965
2016-09-28,3.009
2016-09-29,3.837
2016-09-30,2.3
2016-10-01,-0.265
2016-10-02,-2.404
2016-10-03,-2.475
2016-10-04,-0.833
2016-10-05,-0.436
2016-10-06,-2.999
2016-10-07,-3.142
2016-10-08,-3.195
2016-10-09,-0.547
2016-10-10,-3.678
2016-10-11,-4.036
2016-10-12,-3.016
2016-10-13,-0.702
2016-10-14,-6.743
2016-10-15,-6.704
2016-10-16,-5.134
2016-10-17,-4.994
2016-10-18,-9.884
2016-10-19,-7.952
2016-10-20,-11.926
2016-10-21,-12.805
2016-10-22,-10.954
2016-10-23,-7.687
2016-10-24,-6.606
2016-10-25,-11.491
2016-10-26,-10.081
2016-10-27,-12.747
2016-10-28,-13.273
2016-10-29,-5.897
2016-10-30,-6.523
2016-10-31,-10.842
2016-11-01,-15.07
2016-11-02,-6.982
2016-11-03,-3.111
2016-11-04,-5.453
2016-11-05,-11.74
2016-11-06,-12.113
2016-11-07,-2.48
2016-11-08,-5.726
2016-11-09,-13.699
2016-11-10,-17.968
2016-11-11,-16.268
2016-11-12,-16.999
2016-11-13,-14.972
2016-11-14,-10.904
2016-11-15,-12.699
2016-11-16,-13.629
2016-11-17,-5.32
2016-11-18,-3.023
2016-11-19,-6.756
2016-11-20,-3.493
2016-11-21,-5.171
2016-11-22,-7.379
2016-11-23,-9.893
2016-11-24,-14.814
2016-11-25,-13.155
2016-11-26,-10.502
2016-11-27,-13.774
2016-11-28,-19.821
2016-11-29,-18.401
2016-11-30,-19.742
2016-12-01,-16.645
2016-12-02,-20.34
2016-12-03,-19.362
2016-12-04,-21.045
2016-12-05,-20.269
2016-12-06,-19.508
2016-12-07,-20.098
2016-12-08,-23.164
2016-12-09,-22.543
2016-12-10,-18.911
2016-12-11,-16.25
2016-12-12,-17.763
2016-12-13,-24.292
2016-12-14,-26.121
2016-12-15,-24.443
2016-12-16,-27.622
2016-12-17,-24.459
2016-12-18,-26.716
2016-12-19,-29.052
2016-12-20,-31.524
2016-12-21,-30.887
2016-12-22,-31.585
2016-12-23,-31.718
2016-12-24,-31.307
2016-12-25,-31.572
2016-12-26,-29.589
2016-12-27,-29.023
2016-12-28,-28.108
2016-12-29,-24.009
2016-12-30,-16.531
2016-12-31,-12.67
2017-01-01,-23.877
2017-01-02,-24.599
2017-01-03,-29.992
2017-01-04,-29.243
2017-01-05,-14.006
2017-01-06,-8.932
2017-01-07,-15.733
2017-01-08,-23.907
2017-01-09,-28.42
2017-01-10,-32.859
2017-01-11,-28.063
2017-01-12,-20.71
2017-01-13,-29.562
2017-01-14,-31.059
2017-01-15,-34.927
2017-01-16,-33.692
2017-01-17,-33.682
2017-01-18,-24.204
2017-01-19,-16.978
2017-01-20,-16.446
2017-01-21,-15.504
2017-01-22,-22.627
2017-01-23,-21.082
2017-01-24,-23.989
2017-01-25,-18.519
2017-01-26,-10.268
2017-01-27,-7.373
2017-01-28,-5.026
2017-01-29,-7.752
2017-01-30,-15.439
2017-01-31,-25.998
2017-02-01,-29.066
2017-02-02,-26.809
2017-02-03,-25.279
2017-02-04,-29.543
2017-02-05,-31.569
2017-02-06,-32.578
2017-02-07,-33.525
2017-02-08,-29.838
2017-02-09,-24.404
2017-02-10,-28.17
2017-02-11,-32.321
2017-02-12,-32.946
2017-02-13,-30.308
2017-02-14,-22.277
2017-02-15,-22.209
2017-02-16,-20.214
2017-02-17,-16.472
2017-02-18,-15.027
2017-02-19,-16.28
2017-02-20,-20.663
2017-02-21,-19.294
2017-02-22,-20.023
2017-02-23,-19.353
2017-02-24,-28.052
2017-02-25,-27.231
2017-02-26,-18.499
2017-02-27,-19.774
2017-02-28,-22.081
2017-03-01,-27.211
2017-03-02,-30.518
2017-03-03,-31.377
2017-03-04,-28.734
2017-03-05,-28.568
2017-03-06,-21.095
2017-03-07,-17.011
2017-03-08,-16.339
2017-03-09,-11.052
2017-03-10,-9.831
2017-03-11,-8.994
2017-03-12,-15.703
2017-03-13,-22.733
2017-03-14,-23.147
2017-03-15,-23.752
2017-03-16,-22.614
2017-03-17,-21.779
2017-03-18,-20.431
2017-03-19,-22.241
2017-03-20,-14.852
2017-03-21,-13.809
2017-03-22,-24.984
2017-03-23,-22.504
2017-03-24,-21.211
2017-03-25,-22.09
2017-03-26,-20.991
2017-03-27,-20.806
2017-03-28,-18.092
2017-03-29,-15.793
2017-03-30,-17.597
2017-03-31,-15.63
2017-04-01,-14.821
2017-04-02,-15.853
2017-04-03,-14.861
2017-04-04,-13.247
2017-04-05,-10.177
2017-04-06,-6.821
2017-04-07,-7.034
2017-04-08,-5.963
2017-04-09,-6.412
2017-04-10,-5.591
2017-04-11,-13.313
2017-04-12,-11.042
2017-04-13,-14.812
2017-04-14,-17.922
2017-04-15,-20.011
2017-04-16,-22.352
2017-04-17,-20.876
2017-04-18,-18.526
2017-04-19,-11.148
2017-04-20,-11.461
2017-04-21,-14.357
2017-04-22,-6.893
2017-04-23,-4.71
2017-04-24,-8.935
2017-04-25,-12.802
2017-04-26,-16.534
2017-04-27,-16.275
2017-04-28,-12.018
2017-04-29,-6.574
2017-04-30,-13.172
2017-05-01,-13.709
2017-05-02,-8.979
2017-05-03,-7.92
2017-05-04,-5.021
2017-05-05,-9.576
2017-05-06,-12.178
2017-05-07,-6.29
2017-05-08,1.049
2017-05-09,3.335
2017-05-10,3.401
2017-05-11,1.54
2017-05-12,0.775
2017-05-13,1.224
2017-05-14,0.884
2017-05-15,2.9
2017-05-16,1.371
2017-05-17,-1.956
2017-05-18,-2.412
2017-05-19,-2.484
2017-05-20,-4.94
2017-05-21,-0.997
2017-05-22,-2.13
2017-05-23,-5.03
2017-05-24,-4.649
2017-05-25,-5.974
2017-05-26,-6.502
2017-05-27,-3.306
2017-05-28,-0.211
2017-05-29,1.106
2017-05-30,3.554
2017-05-31,3.947
2017-06-01,1.494
2017-06-02,1.252
2017-06-03,1.108
2017-06-04,2.706
2017-06-05,1.642
2017-06-06,4.028
2017-06-07,4.495
2017-06-08,3.939
2017-06-09,4.699
2017-06-10,3.032
2017-06-11,1.952
2017-06-12,-0.067
2017-06-13,-0.126
2017-06-14,2.015
2017-06-15,3.409
2017-06-16,6.87
2017-06-17,10.971
2017-06-18,8.344
2017-06-19,3.579
2017-06-20,1.728
2017-06-21,-0.737
2017-06-22,1.135
2017-06-23,3.038
2017-06-24,1.98
2017-06-25,1.409
2017-06-26,0.159
2017-06-27,0.828
2017-06-28,2.251
2017-06-29,4.094
2017-06-30,8.674
2017-07-01,11.184
2017-07-02,12.51
2017-07-03,9.802
2017-07-04,5.629
2017-07-05,8.928
2017-07-06,10.143
2017-07-07,9.831
2017-07-08,11.564
2017-07-09,10.199
2017-07-10,4.709
2017-07-11,5.768
2017-07-12,1.281
2017-07-13,4.01
2017-07-14,7.35
2017-07-15,4.452
2017-07-16,4.815
2017-07-17,12.685
2017-07-18,16.948
2017-07-19,9.514
2017-07-20,8.405
2017-07-21,8.334
2017-07-22,4.83
2017-07-23,4.691
2017-07-24,4.79
2017-07-25,8.395
2017-07-26,14.27
2017-07-27,13.474
2017-07-28,11.983
2017-07-29,10.02
2017-07-30,11.544
2017-07-31,12.118
2017-08-01,10.5
2017-08-02,11.634
2017-08-03,11.126
2017-08-04,10.363
2017-08-05,11.544
2017-08-06,8.898
2017-08-07,3.974
2017-08-08,5.797
2017-08-09,7.772
2017-08-10,9.542
2017-08-11,8.811
2017-08-12,10.006
2017-08-13,8.135
2017-08-14,6.763
2017-08-15,7.927
2017-08-16,10.216
2017-08-17,10.182
2017-08-18,11.21
2017-08-19,12.917
2017-08-20,5.245
2017-08-21,4.563
2017-08-22,4.465
2017-08-23,4.743
2017-08-24,3.241
2017-08-25,5.891
2017-08-26,6.088
2017-08-27,7.435
2017-08-28,11.598
2017-08-29,13.427
2017-08-30,7.968
2017-08-31,1.939
2017-09-01,3.623
2017-09-02,7.312
2017-09-03,10.284
2017-09-04,10.665
2017-09-05,5.539
2017-09-06,4.301
2017-09-07,4.174
2017-09-08,2.822
2017-09-09,3.515
2017-09-10,5.319
2017-09-11,1.166
2017-09-12,7.926
2017-09-13,8.81
2017-09-14,6.192
2017-09-15,4.162
2017-09-16,1.361
2017-09-17,0.629
2017-09-18,-0.735
2017-09-19,3.91
2017-09-20,5.179
2017-09-21,3.251
2017-09-22,2.237
2017-09-23,-0.625
2017-09-24,-1.682
2017-09-25,-2.171
2017-09-26,-2.077
2017-09-27,-1.658
2017-09-28,-2.748
2017-09-29,-2.356
2017-09-30,-1.572
2017-10-01,-1.236
2017-10-02,-3.298
2017-10-03,-0.542
2017-10-04,-0.467
2017-10-05,-3.541
2017-10-06,-2.734
2017-10-07,-5.842
2017-10-08,-4.096
2017-10-09,-2.17
2017-10-10,-0.961
2017-10-11,-1.351
2017-10-12,-3.793
2017-10-13,-5.543
2017-10-14,-0.536
2017-10-15,-3.826
2017-10-16,-5.641
2017-10-17,-5.464
2017-10-18,-11.355
2017-10-19,-11.163
2017-10-20,-3.202
2017-10-21,-7.698
2017-10-22,-10.654
2017-10-23,-5.24
2017-10-24,2.259
2017-10-25,1.998
2017-10-26,3.763
2017-10-27,-3.741
2017-10-28,-0.833
2017-10-29,-1.614
2017-10-30,-3.782
2017-10-31,-2.13
2017-11-01,-4.642
2017-11-02,-9.726
2017-11-03,-9.958
2017-11-04,-9.497
2017-11-05,-11.861
2017-11-06,-11.554
2017-11-07,-8.618
2017-11-08,-12.435
2017-11-09,-12.981
2017-11-10,-14
2017-11-11,-8.687
2017-11-12,-11.147
2017-11-13,-11.975
2017-11-14,-15.183
2017-11-15,-12.217
2017-11-16,-15.18
2017-11-17,-12.88
2017-11-18,-7.316
2017-11-19,-3.895
2017-11-20,-1.931
2017-11-21,-3.424
2017-11-22,-7.741
2017-11-23,-10.967
2017-11-24,-10.798
2017-11-25,-16.641
2017-11-26,-15.703
2017-11-27,-12.582
2017-11-28,-11.151
2017-11-29,-13.745
2017-11-30,-13.36
2017-12-01,-11.774
2017-12-02,-14.603
2017-12-03,-13.618
2017-12-04,-11.013
2017-12-05,-7.429
2017-12-06,-7.497
2017-12-07,-8.26
2017-12-08,-12.024
2017-12-09,-16.427
2017-12-10,-19.692
2017-12-11,-16.764
2017-12-12,-19.752
2017-12-13,-19.933
2017-12-14,-7.473
2017-12-15,-9.284
2017-12-16,-9.396
2017-12-17,-11.978
2017-12-18,-20.689
2017-12-19,-23.179
2017-12-20,-17.825
2017-12-21,-18.604
2017-12-22,-19.584
2017-12-23,-26.362
2017-12-24,-20.147
2017-12-25,-18.448
2017-12-26,-15.295
2017-12-27,-8.481
2017-12-28,-14.955
2017-12-29,-19.501
2017-12-30,-22.671
2017-12-31,-19.898
2018-01-01,-23.225
2018-01-02,-21.503
2018-01-03,-17.254
2018-01-04,-18.984
2018-01-05,-23.126
2018-01-06,-17.21
2018-01-07,-17.966
2018-01-08,-20.087
2018-01-09,-21.54
2018-01-10,-24.65
2018-01-11,-23.664
2018-01-12,-24.48
2018-01-13,-33.018
2018-01-14,-32.904
2018-01-15,-30.917
2018-01-16,-29.33
2018-01-17,-29.566
2018-01-18,-23.282
2018-01-19,-23.934
2018-01-20,-22.369
2018-01-21,-19.799
2018-01-22,-22.618
2018-01-23,-24.255
2018-01-24,-21.795
2018-01-25,-20.268
2018-01-26,-26.85
2018-01-27,-28.065
2018-01-28,-21.393
2018-01-29,-23.738
2018-01-30,-29.25
2018-01-31,-28.489
2018-02-01,-27.354
2018-02-02,-25.941
2018-02-03,-31.991
2018-02-04,-36.969
2018-02-05,-31.327
2018-02-06,-30.267
2018-02-07,-34.329
2018-02-08,-30.562
2018-02-09,-37.116
2018-02-10,-30.193
2018-02-11,-32.211
2018-02-12,-31.192
2018-02-13,-32.661
2018-02-14,-25.509
2018-02-15,-29.198
2018-02-16,-29.717
2018-02-17,-29.835
2018-02-18,-29.01
2018-02-19,-33.65
2018-02-20,-37.857
2018-02-21,-32.869
2018-02-22,-28.663
2018-02-23,-28.775
2018-02-24,-25.952
2018-02-25,-25.426
2018-02-26,-17.327
2018-02-27,-15.813
2018-02-28,-15.29
2018-03-01,-14.293
2018-03-02,-8.616
2018-03-03,-6.474
2018-03-04,-9.652
2018-03-05,-9.931
2018-03-06,-12.946
2018-03-07,-13.964
2018-03-08,-12.704
2018-03-09,-11.287
2018-03-10,-9.059
2018-03-11,-8.931
2018-03-12,-10.394
2018-03-13,-9.423
2018-03-14,-9.052
2018-03-15,-9.734
2018-03-16,-6.608
2018-03-17,-6.74
2018-03-18,-6.923
2018-03-19,-11.578
2018-03-20,-12.166
2018-03-21,-13.249
2018-03-22,-13.103
2018-03-23,-17.037
2018-03-24,-22.259
2018-03-25,-17.108
2018-03-26,-11.96
2018-03-27,-9.768
2018-03-28,-6.848
2018-03-29,-8.156
2018-03-30,-4.979
2018-03-31,-10.005
2018-04-01,-18.381
2018-04-02,-17.174
2018-04-03,-17.24
2018-04-04,-20.426
2018-04-05,-18.567
2018-04-06,-12.932
2018-04-07,-15.844
2018-04-08,-15.577
2018-04-09,-13.102
2018-04-10,-19.761
2018-04-11,-21.266
2018-04-12,-17.647
2018-04-13,-17.018
2018-04-14,-20.216
2018-04-15,-16.971
2018-04-16,-13.348
2018-04-17,-12.336
2018-04-18,-10.169
2018-04-19,-10.751
2018-04-20,-10.01
2018-04-21,-11.171
2018-04-22,-10.001
2018-04-23,-7.893
2018-04-24,-7.693
2018-04-25,-7.052
2018-04-26,-6.335
2018-04-27,-5.035
2018-04-28,-14.913
2018-04-29,-12.406
2018-04-30,-4.805
2018-05-01,-9.124
2018-05-02,-14.838
2018-05-03,-15.155
2018-05-04,-8.856
2018-05-05,-7.933
2018-05-06,-7.601
2018-05-07,-8.119
2018-05-08,-11.093
2018-05-09,-9.45
2018-05-10,-10.355
2018-05-11,-6.257
2018-05-12,-11.415
2018-05-13,-12.78
2018-05-14,-12.889
2018-05-15,-10.377
2018-05-16,-12.433
2018-05-17,-12.242
2018-05-18,-8.737
2018-05-19,-8.787
2018-05-20,-11.286
2018-05-21,-10.051
2018-05-22,-9.208
2018-05-23,-8.387
2018-05-24,-8.409
2018-05-25,-8.191
2018-05-26,-7.471
2018-05-27,-7.493
2018-05-28,-2.017
2018-05-29,-2.911
2018-05-30,-1.99
2018-05-31,4.585
2018-06-01,-2.224
2018-06-02,-5.404
2018-06-03,-6.08
2018-06-04,-4.697
2018-06-05,-5.31
2018-06-06,-4.241
2018-06-07,-4.001
2018-06-08,0.814
2018-06-09,-2.731
2018-06-10,-2.744
2018-06-11,-1.874
2018-06-12,-3.788
2018-06-13,-2.313
2018-06-14,-0.747
2018-06-15,-1.548
2018-06-16,-1.244
2018-06-17,3.503
2018-06-18,6.228
2018-06-19,3.514
2018-06-20,-0.19
2018-06-21,-0.283
2018-06-22,1.117
2018-06-23,-0.896
2018-06-24,-0.235
2018-06-25,1.546
2018-06-26,2.938
2018-06-27,-0.004
2018-06-28,1.774
2018-06-29,0.954
2018-06-30,-0.791
2018-07-01,1.395
2018-07-02,2.411
2018-07-03,5.319
2018-07-04,2.156
2018-07-05,6.085
2018-07-06,2.793
2018-07-07,0.791
2018-07-08,2.479
2018-07-09,6.947
2018-07-10,5.768
2018-07-11,4.814
2018-07-12,7.433
2018-07-13,13.702
2018-07-14,16.617
2018-07-15,14.208
2018-07-16,13.445
2018-07-17,10.988
2018-07-18,4.721
2018-07-19,3.879
2018-07-20,6.593
2018-07-21,10.224
2018-07-22,11.72
2018-07-23,13.643
2018-07-24,10.409
2018-07-25,8.052
2018-07-26,11.6
2018-07-27,9.131
2018-07-28,7.463
2018-07-29,11.616
2018-07-30,12.862
2018-07-31,10.514
2018-08-01,6.874
2018-08-02,9.72
2018-08-03,11.748
2018-08-04,8.023
2018-08-05,14.179
2018-08-06,18.339
2018-08-07,8.853
2018-08-08,10.535
2018-08-09,14.994
2018-08-10,14.223
2018-08-11,8.281
2018-08-12,9.015
2018-08-13,6.612
2018-08-14,5.563
2018-08-15,6.371
2018-08-16,8.09
2018-08-17,8.544
2018-08-18,4.982
2018-08-19,9.149
2018-08-20,7.938
2018-08-21,5.23
2018-08-22,8.455
2018-08-23,7.978
2018-08-24,5.685
2018-08-25,4.438
2018-08-26,3.954
2018-08-27,3.764
2018-08-28,6.292
2018-08-29,3.7
2018-08-30,1.246
2018-08-31,3.371
2018-09-01,9.436
2018-09-02,6.815
2018-09-03,3.323
2018-09-04,0.174
2018-09-05,-0.214
2018-09-06,2.411
2018-09-07,2.382
2018-09-08,1.597
2018-09-09,0.87
2018-09-10,2.956
2018-09-11,1.441
2018-09-12,4.347
2018-09-13,4.403
2018-09-14,-0.614
2018-09-15,-0.81
2018-09-16,-0.902
2018-09-17,-2.444
2018-09-18,-1.901
2018-09-19,-2.681
2018-09-20,-0.073
2018-09-21,-0.025
2018-09-22,-2.805
2018-09-23,-3.596
2018-09-24,-2.53
2018-09-25,-0.73
2018-09-26,1.549
2018-09-27,0.217
2018-09-28,-0.262
2018-09-29,2.242
2018-09-30,-2.98
2018-10-01,-2.766
2018-10-02,-2.802
2018-10-03,-1.659
2018-10-04,-0.591
2018-10-05,-1.471
2018-10-06,-1.912
2018-10-07,-4.95
2018-10-08,-4.8
2018-10-09,-5.349
2018-10-10,-8.468
2018-10-11,-8.096
2018-10-12,-11.133
2018-10-13,-9.223
2018-10-14,-8.637
2018-10-15,-6.439
2018-10-16,-9.366
2018-10-17,-10.632
2018-10-18,-9.226
2018-10-19,-8.81
2018-10-20,-13.908
2018-10-21,-6.75
2018-10-22,-7.852
2018-10-23,-13.862
2018-10-24,-16.249
2018-10-25,-12.838
2018-10-26,-4.633
2018-10-27,-6.11
2018-10-28,-7.365
2018-10-29,-12.324
2018-10-30,-6.601
2018-10-31,-10.674
2018-11-01,-9.861
2018-11-02,-7.722
2018-11-03,-10.038
2018-11-04,-10.532
2018-11-05,-11.485
2018-11-06,-10.662
2018-11-07,-11.411
2018-11-08,-5.648
2018-11-09,-9.376
2018-11-10,-11.903
2018-11-11,-9.977
2018-11-12,-8.625
2018-11-13,-12.854
2018-11-14,-14.76
2018-11-15,-16.505
2018-11-16,-19.354
2018-11-17,-19.942
2018-11-18,-15.459
2018-11-19,-18.888
2018-11-20,-22.007
2018-11-21,-23.908
2018-11-22,-16.721
2018-11-23,-14.328
2018-11-24,-11.679
2018-11-25,-2.509
2018-11-26,-6.814
2018-11-27,-9.715
2018-11-28,-13.503
2018-11-29,-16.074
2018-11-30,-18.474
2018-12-01,-19.196
2018-12-02,-20.27
2018-12-03,-15.524
2018-12-04,-16.138
2018-12-05,-20.005
2018-12-06,-18.791
2018-12-07,-20.235
2018-12-08,-22.832
2018-12-09,-24.148
2018-12-10,-23.368
2018-12-11,-26.436
2018-12-12,-24.11
2018-12-13,-19.778
2018-12-14,-19.069
2018-12-15,-13.415
2018-12-16,-14.544
2018-12-17,-11.336
2018-12-18,-11.343
2018-12-19,-14.093
2018-12-20,-15.185
2018-12-21,-11.672
2018-12-22,-10.01
2018-12-23,-12.251
2018-12-24,-15.113
2018-12-25,-13.861
2018-12-26,-15.339
2018-12-27,-19.284
2018-12-28,-24.229
2018-12-29,-20.303
2018-12-30,-29.895
2018-12-31,-29.963
2019-01-01,-29.88
2019-01-02,-33.62
2019-01-03,-34.306
2019-01-04,-33.012
2019-01-05,-26.465
2019-01-06,-28.599
2019-01-07,-30.136
2019-01-08,-28.862
2019-01-09,-19.504
2019-01-10,-19.413
2019-01-11,-12.906
2019-01-12,-18.45
2019-01-13,-23.148
2019-01-14,-23.15
2019-01-15,-27.343
2019-01-16,-28.555
2019-01-17,-25.001
2019-01-18,-31.781
2019-01-19,-35.364
2019-01-20,-35.8
2019-01-21,-34.467
2019-01-22,-30.681
2019-01-23,-27.628
2019-01-24,-23.558
2019-01-25,-16.336
2019-01-26,-19.936
2019-01-27,-29.877
2019-01-28,-27.341
2019-01-29,-22.159
2019-01-30,-23.84
2019-01-31,-12.035
2019-02-01,-24.457
2019-02-02,-25.299
2019-02-03,-23.013
2019-02-04,-23.826
2019-02-05,-26.716
2019-02-06,-29.342
2019-02-07,-32.679
2019-02-08,-29.742
2019-02-09,-17.203
2019-02-10,-15.109
2019-02-11,-16.579
2019-02-12,-23.924
2019-02-13,-24.33
2019-02-14,-24.888
2019-02-15,-25.931
2019-02-16,-17.869
2019-02-17,-11.728
2019-02-18,-18.391
2019-02-19,-27.405
2019-02-20,-29.168
2019-02-21,-29.547
2019-02-22,-31.465
2019-02-23,-28.108
2019-02-24,-26.595
2019-02-25,-23.56
2019-02-26,-15.473
2019-02-27,-20.258
2019-02-28,-17.423
2019-03-01,-14.635
2019-03-02,-18.37
2019-03-03,-21.541
2019-03-04,-20.473
2019-03-05,-19.523
2019-03-06,-19.607
2019-03-07,-22.865
2019-03-08,-24.672
2019-03-09,-20.271
2019-03-10,-23.007
2019-03-11,-18.276
2019-03-12,-14.831
2019-03-13,-19.109
2019-03-14,-20.118
2019-03-15,-17.2
2019-03-16,-10.76
2019-03-17,-10.789
2019-03-18,-20.607
2019-03-19,-25.81
2019-03-20,-22.334
2019-03-21,-23.462
2019-03-22,-14.767
2019-03-23,-22.693
2019-03-24,-20.971
2019-03-25,-27.565
2019-03-26,-26.112
2019-03-27,-23.903
2019-03-28,-12.735
2019-03-29,-15.708
2019-03-30,-21.971
2019-03-31,-20.773
2019-04-01,-16.72
2019-04-02,-14.998
2019-04-03,-10.467
2019-04-04,-6.318
2019-04-05,-11.736
2019-04-06,-19.681
2019-04-07,-23.23
2019-04-08,-21.696
2019-04-09,-12.817
2019-04-10,-11.116
2019-04-11,-12.856
2019-04-12,-12.7
2019-04-13,-11.35
2019-04-14,-9.287
2019-04-15,-8.463
2019-04-16,-10.027
2019-04-17,-8.866
2019-04-18,-7.711
2019-04-19,-3.275
2019-04-20,-7.844
2019-04-21,-3.434
2019-04-22,-9.914
2019-04-23,-16.506
2019-04-24,-17.241
2019-04-25,-9.537
2019-04-26,-4.111
2019-04-27,-4.616
2019-04-28,-0.984
2019-04-29,-2.973
2019-04-30,-3.657
2019-05-01,-3.635
2019-05-02,-2.8
2019-05-03,-3.728
2019-05-04,-3.66
2019-05-05,-2.31
2019-05-06,-1.033
2019-05-07,-0.312
2019-05-08,0.353
2019-05-09,0.424
2019-05-10,-1.614
2019-05-11,-2.723
2019-05-12,-1.48
2019-05-13,0.648
2019-05-14,1.243
2019-05-15,2.624
2019-05-16,5.527
2019-05-17,5.054
2019-05-18,1.927
2019-05-19,-1.77
2019-05-20,-2.586
2019-05-21,-0.893
2019-05-22,2.394
2019-05-23,5.986
2019-05-24,5.512
2019-05-25,0.871
2019-05-26,1.127
2019-05-27,-0.115
2019-05-28,1.111
2019-05-29,1.039
2019-05-30,0.656
2019-05-31,0.333
2019-06-01,-0.745
2019-06-02,-0.124
2019-06-03,1.512
2019-06-04,-0.538
2019-06-05,0.699
2019-06-06,3.883
2019-06-07,2.771
2019-06-08,3.685
2019-06-09,3.522
2019-06-10,6.671
2019-06-11,8.599
2019-06-12,0.971
2019-06-13,2.897
2019-06-14,7.006
2019-06-15,3.23
2019-06-16,6.381
2019-06-17,3.953
2019-06-18,6.069
2019-06-19,8.582
2019-06-20,9.851
2019-06-21,8.38
2019-06-22,7.855
2019-06-23,3.707
2019-06-24,4.143
2019-06-25,5.577
2019-06-26,5.439
2019-06-27,5.19
2019-06-28,8.052
2019-06-29,9.947
2019-06-30,8.617
2019-07-01,4.255
2019-07-02,4.059
2019-07-03,6.683
2019-07-04,11.249
2019-07-05,12.234
2019-07-06,8.328
2019-07-07,4.179
2019-07-08,2.398
2019-07-09,5.21
2019-07-10,8.811
2019-07-11,13.645
2019-07-12,13.336
2019-07-13,9.21
2019-07-14,9.209
2019-07-15,11.164
2019-07-16,10.482
2019-07-17,10.057
2019-07-18,9.209
2019-07-19,13.597
2019-07-20,10.748
2019-07-21,7.765
2019-07-22,6.59
2019-07-23,6.388
2019-07-24,7.067
2019-07-25,9.768
2019-07-26,8.13
2019-07-27,9.292
2019-07-28,5.392
2019-07-29,4.296
2019-07-30,6.519
2019-07-31,6.407
2019-08-01,5.937
2019-08-02,5.286
2019-08-03,4.309
2019-08-04,5.085
2019-08-05,6.733
2019-08-06,7.924
2019-08-07,7.865
2019-08-08,6.721
2019-08-09,6.696
2019-08-10,6.245
2019-08-11,6.756
2019-08-12,4.727
2019-08-13,4.189
2019-08-14,5.001
2019-08-15,6.768
2019-08-16,10.499
2019-08-17,8.414
2019-08-18,8.455
2019-08-19,5.776
2019-08-20,3.616
2019-08-21,5.383
2019-08-22,5.678
2019-08-23,6.107
2019-08-24,7.639
2019-08-25,9.391
2019-08-26,13.141
2019-08-27,13.178
2019-08-28,6.311
2019-08-29,8.056
2019-08-30,13.033
2019-08-31,10.822
2019-09-01,3.884
2019-09-02,3.947
2019-09-03,3.793
2019-09-04,4.451
2019-09-05,3.013
2019-09-06,1.86
2019-09-07,2.502
2019-09-08,1.265
2019-09-09,1.995
2019-09-10,2.097
2019-09-11,1.357
2019-09-12,3.336
2019-09-13,3.451
2019-09-14,5.024
2019-09-15,3.177
2019-09-16,1.38
2019-09-17,0.721
2019-09-18,5.766
2019-09-19,9.493
2019-09-20,7.753
2019-09-21,1.793
2019-09-22,2.139
2019-09-23,0.44
2019-09-24,-0.414
2019-09-25,4.291
2019-09-26,6.814
2019-09-27,5.802
2019-09-28,5.194
2019-09-29,2.662
2019-09-30,1.59
2019-10-01,-0.046
2019-10-02,-0.992
2019-10-03,-0.733
2019-10-04,-0.263
2019-10-05,-0.513
2019-10-06,2.508
2019-10-07,2.918
2019-10-08,2.834
2019-10-09,1.173
2019-10-10,3.388
2019-10-11,6.121
2019-10-12,5.928
2019-10-13,0.101
2019-10-14,-3.194
2019-10-15,-1.388
2019-10-16,-0.134
2019-10-17,-0.357
2019-10-18,-0.8
2019-10-19,-1.497
2019-10-20,-3.417
2019-10-21,-5.917
2019-10-22,-6.297
2019-10-23,-1.871
2019-10-24,0.588
2019-10-25,-0.046
2019-10-26,-3.931
2019-10-27,-5.621
2019-10-28,-6.164
2019-10-29,-2.505
2019-10-30,-2.348
2019-10-31,-5.72
2019-11-01,-7.706
2019-11-02,-7.476
2019-11-03,-7.492
2019-11-04,-7.722
2019-11-05,-7.66
2019-11-06,-8.351
2019-11-07,-5.016
2019-11-08,-8.451
2019-11-09,-16.015
2019-11-10,-17.032
2019-11-11,-18.696
2019-11-12,-11.26
2019-11-13,-15.4
2019-11-14,-11.813
2019-11-15,-14.051
2019-11-16,-13.439
2019-11-17,-12.796
2019-11-18,-12.255
2019-11-19,-9.459
2019-11-20,-10.527
2019-11-21,-9.303
2019-11-22,-8.251
2019-11-23,-7.179
2019-11-24,-4.843
2019-11-25,-7.143
2019-11-26,-2.557
2019-11-27,-3.339
2019-11-28,-7.086
2019-11-29,-12.442
2019-11-30,-14.766
2019-12-01,-14.209
2019-12-02,-14.572
2019-12-03,-17.181
2019-12-04,-15.776
2019-12-05,-12.029
2019-12-06,-12.793
2019-12-07,-16.516
2019-12-08,-23.639
2019-12-09,-19.892
2019-12-10,-21.233
2019-12-11,-13.633
2019-12-12,-21.181
2019-12-13,-26.841
2019-12-14,-29.965
2019-12-15,-17.93
2019-12-16,-4.523
2019-12-17,-2.56
2019-12-18,-4.494
2019-12-19,-4.014
2019-12-20,-8.954
2019-12-21,-16.137
2019-12-22,-18.918
2019-12-23,-17.475
2019-12-24,-18.751
2019-12-25,-22.187
2019-12-26,-22.995
2019-12-27,-23.984
2019-12-28,-23.193
2019-12-29,-23.378
2019-12-30,-20.334
2019-12-31,-15.608
2020-01-01,-12.856
2020-01-02,-9.631
2020-01-03,-8.049
2020-01-04,-11.922
2020-01-05,-18.542
2020-01-06,-28.267
2020-01-07,-25.177
2020-01-08,-27.095
2020-01-09,-31.573
2020-01-10,-31.952
2020-01-11,-29.62
2020-01-12,-32.03
2020-01-13,-31.661
2020-01-14,-29.554
2020-01-15,-25.807
2020-01-16,-31.274
2020-01-17,-31.075
2020-01-18,-30.218
2020-01-19,-28.999
2020-01-20,-27.812
2020-01-21,-29.809
2020-01-22,-28.985
2020-01-23,-18.752
2020-01-24,-28.728
2020-01-25,-27.598
2020-01-26,-24.979
2020-01-27,-25.708
2020-01-28,-20.286
2020-01-29,-21.716
2020-01-30,-21.263
2020-01-31,-21.193
2020-02-01,-17.869
2020-02-02,-20.287
2020-02-03,-16.342
2020-02-04,-16.261
2020-02-05,-20.027
2020-02-06,-23.861
2020-02-07,-26.736
2020-02-08,-29.255
2020-02-09,-28.602
2020-02-10,-30.371
2020-02-11,-31.68
2020-02-12,-26.389
2020-02-13,-28.347
2020-02-14,-26.628
2020-02-15,-31.511
2020-02-16,-23.31
2020-02-17,-27.687
2020-02-18,-28.734
2020-02-19,-24.779
2020-02-20,-25.646
2020-02-21,-28.864
2020-02-22,-23.783
2020-02-23,-25.727
2020-02-24,-27.776
2020-02-25,-24.727
2020-02-26,-28.802
2020-02-27,-28.396
2020-02-28,-24.301
2020-02-29,-22.096
2020-03-01,-21.124
2020-03-02,-20.507
2020-03-03,-14.987
2020-03-04,-17.181
2020-03-05,-14.982
2020-03-06,-19.463
2020-03-07,-19.91
2020-03-08,-22.573
2020-03-09,-30.033
2020-03-10,-25.794
2020-03-11,-24.78
2020-03-12,-20.364
2020-03-13,-20.353
2020-03-14,-18.215
2020-03-15,-22.424
2020-03-16,-22.9
2020-03-17,-15.836
2020-03-18,-17.331
2020-03-19,-24.188
2020-03-20,-22.606
2020-03-21,-19.927
2020-03-22,-20.683
2020-03-23,-15.182
2020-03-24,-12.541
2020-03-25,-16.056
2020-03-26,-11.025
2020-03-27,-15.619
2020-03-28,-14.601
2020-03-29,-14.604
2020-03-30,-9.405
2020-03-31,-12.67
2020-04-01,-11.918
2020-04-02,-12.293
2020-04-03,-15.023
2020-04-04,-15.044
2020-04-05,-13.226
2020-04-06,-12.362
2020-04-07,-14.26
2020-04-08,-8.85
2020-04-09,-4.202
2020-04-10,-6.597
2020-04-11,-6.438
2020-04-12,-7.406
2020-04-13,-12.323
2020-04-14,-11.27
2020-04-15,-12.508
2020-04-16,-12.285
2020-04-17,-16.52
2020-04-18,-17.006
2020-04-19,-10.55
2020-04-20,-11.055
2020-04-21,-12.477
2020-04-22,-8.854
2020-04-23,-6.847
2020-04-24,-4.637
2020-04-25,-6.075
2020-04-26,-7.411
2020-04-27,-7.026
2020-04-28,-1.935
2020-04-29,-1.37
2020-04-30,-0.445
2020-05-01,-1.574
2020-05-02,-2.752
2020-05-03,-6.803
2020-05-04,-10.947
2020-05-05,-11.279
2020-05-06,-12.949
2020-05-07,-7.337
2020-05-08,-2.722
2020-05-09,-2.41
2020-05-10,-2.911
2020-05-11,-3.442
2020-05-12,-5.659
2020-05-13,-6.85
2020-05-14,-5.754
2020-05-15,-6.095
2020-05-16,-3.498
2020-05-17,-3.433
2020-05-18,-3.548
2020-05-19,-1.856
2020-05-20,1.52
2020-05-21,-3.386
2020-05-22,-6.753
2020-05-23,-4.922
2020-05-24,-4.208
2020-05-25,1.043
2020-05-26,-0.014
2020-05-27,-2.531
2020-05-28,-2.126
2020-05-29,-2.11
2020-05-30,-2.556
2020-05-31,-1.456
2020-06-01,-1.229
2020-06-02,-3.333
2020-06-03,-2.63
2020-06-04,-0.969
2020-06-05,-1.517
2020-06-06,-0.82
2020-06-07,-1.175
2020-06-08,-2.144
2020-06-09,-3.299
2020-06-10,-2.554
2020-06-11,-1.383
2020-06-12,-1.163
2020-06-13,-1.186
2020-06-14,2.515
2020-06-15,3.658
2020-06-16,-0.291
2020-06-17,-0.355
2020-06-18,-1.764
2020-06-19,-0.44
2020-06-20,0.562
2020-06-21,4.288
2020-06-22,9.161
2020-06-23,8.508
2020-06-24,3.822
2020-06-25,4.804
2020-06-26,5.472
2020-06-27,6.3
2020-06-28,6.216
2020-06-29,10.378
2020-06-30,7.724
2020-07-01,3.448
2020-07-02,6.491
2020-07-03,6.916
2020-07-04,8.543
2020-07-05,10.71
2020-07-06,11.141
2020-07-07,15.137
2020-07-08,15.317
2020-07-09,10.921