"Date_Time","T"
"2010-07-31",10.8358333333333
"2010-08-01",11.9216666666667
"2010-08-02",12.9176666666667
"2010-08-03",13.10775
"2010-08-04",13.1978333333333
"2010-08-05",14.2089166666667
"2010-08-06",13.7055
"2010-08-07",12.3758333333333
"2010-08-08",11.8531666666667
"2010-08-09",11.2275
"2010-08-10",10.8509166666667
"2010-08-11",10.507625
"2010-08-12",10.9017916666667
"2010-08-13",12.0066666666667
"2010-08-14",12.402625
"2010-08-15",13.469125
"2010-08-16",15.4429166666667
"2010-08-17",16.3115416666667
"2010-08-18",15.91775
"2010-08-19",14.7515416666667
"2010-08-20",14.211
"2010-08-21",14.9720416666667
"2010-08-22",16.0197083333333
"2010-08-23",15.5367083333333
"2010-08-24",13.7292083333333
"2010-08-25",14.1338333333333
"2010-08-26",15.4809583333333
"2010-08-27",13.60125
"2010-08-28",12.12575
"2010-08-29",11.1670833333333
"2010-08-30",10.336125
"2010-08-31",9.86325
"2010-09-01",10.0452916666667
"2010-09-02",9.72975
"2010-09-03",9.58683333333333
"2010-09-04",9.220375
"2010-09-05",7.66845833333333
"2010-09-06",6.68675
"2010-09-07",7.54683333333333
"2010-09-08",8.8435
"2010-09-09",9.027875
"2010-09-10",8.5665
"2010-09-11",7.36879166666667
"2010-09-12",7.26125
"2010-09-13",8.29920833333333
"2010-09-14",10.293
"2010-09-15",10.5550833333333
"2010-09-16",10.6515416666667
"2010-09-17",10.7410833333333
"2010-09-18",10.497625
"2010-09-19",9.9435
"2010-09-20",8.91870833333333
"2010-09-21",7.24091666666667
"2010-09-22",5.57691666666667
"2010-09-23",5.29475
"2010-09-24",4.95491666666667
"2010-09-25",4.67408333333333
"2010-09-26",4.24916666666667
"2010-09-27",4.872875
"2010-09-28",4.696125
"2010-09-29",3.68120833333333
"2010-09-30",3.4075
"2010-10-01",4.84045833333333
"2010-10-02",4.85566666666667
"2010-10-03",3.50220833333333
"2010-10-04",3.78745833333333
"2010-10-05",3.537125
"2010-10-06",1.98404166666667
"2010-10-07",2.362
"2010-10-08",3.07516666666667
"2010-10-09",2.386375
"2010-10-10",2.85370833333333
"2010-10-11",2.88075
"2010-10-12",2.86666666666667
"2010-10-13",3.02216666666667
"2010-10-14",3.03466666666667
"2010-10-15",3.33283333333333
"2010-10-16",3.24658333333333
"2010-10-17",1.98866666666667
"2010-10-18",1.935
"2010-10-19",2.50558333333333
"2010-10-20",2.45820833333333
"2010-10-21",2.12691666666667
"2010-10-22",2.30970833333333
"2010-10-23",1.827
"2010-10-24",1.601375
"2010-10-25",1.17558333333333
"2010-10-26",0.902291666666667
"2010-10-27",0.68775
"2010-10-28",0.6555
"2010-10-29",0.674
"2010-10-30",0.674
"2010-10-31",0.641625
"2010-11-01",0.563
"2010-11-02",0.475916666666667
"2010-11-03",0.453
"2010-11-04",0.453
"2010-11-05",0.453
"2010-11-06",0.453
"2010-11-07",0.393416666666667
"2010-11-08",0.343
"2010-11-09",0.343
"2010-11-10",0.338375
"2010-11-11",0.232
"2010-11-12",0.232
"2010-11-13",0.232
"2010-11-14",0.199625
"2010-11-15",0.060875
"2010-11-16",0.084
"2010-11-17",0.03775
"2010-11-18",-0.0693333333333333
"2010-11-19",0.014625
"2010-11-20",-0.1855
"2010-11-21",-0.666333333333333
"2010-11-22",-0.567833333333333
"2010-11-23",-0.553916666666667
"2010-11-24",-0.157458333333333
"2010-11-25",0.01
"2010-11-26",0.107125
"2010-11-27",0.121
"2010-11-28",0.121
"2010-11-29",0.121
"2010-11-30",0.121
"2010-12-01",0.121
"2010-12-02",0.121
"2010-12-03",0.13025
"2010-12-04",0.14875
"2010-12-05",0.14875
"2010-12-06",0.13025
"2010-12-07",0.121
"2010-12-08",0.121
"2010-12-09",-0.129666666666667
"2010-12-10",-0.822041666666667
"2010-12-11",-1.10933333333333
"2010-12-12",-1.552125
"2010-12-13",-2.65916666666667
"2010-12-14",-1.566875
"2010-12-15",-0.69925
"2010-12-16",-0.418333333333333
"2010-12-17",-0.115583333333333
"2010-12-18",0.162625
"2010-12-19",0.1765
"2010-12-20",0.16725
"2010-12-21",0.0699583333333333
"2010-12-22",-0.278458333333333
"2010-12-23",-0.996458333333333
"2010-12-24",-1.44154166666667
"2010-12-25",-2.02983333333333
"2010-12-26",-2.24166666666667
"2010-12-27",-2.42570833333333
"2010-12-28",-2.32458333333333
"2010-12-29",-2.19358333333333
"2010-12-30",-1.771125
"2010-12-31",-1.37983333333333
"2011-01-01",-1.67933333333333
"2011-01-02",-1.64645833333333
"2011-01-03",-0.611666666666667
"2011-01-04",-0.0133333333333333
"2011-01-05",0.01
"2011-01-06",0.051625
"2011-01-07",0.121
"2011-01-08",0.116375
"2011-01-09",0.121
"2011-01-10",0.121
"2011-01-11",0.11175
"2011-01-12",0.07475
"2011-01-13",0.01
"2011-01-14",0.000666666666666667
"2011-01-15",-0.120458333333333
"2011-01-16",-0.320333333333333
"2011-01-17",-0.55875
"2011-01-18",-0.662
"2011-01-19",-0.680666666666667
"2011-01-20",-0.774
"2011-01-21",-0.891833333333333
"2011-01-22",-1.01041666666667
"2011-01-23",-1.02925
"2011-01-24",-0.854083333333333
"2011-01-25",-0.774
"2011-01-26",-0.963125
"2011-01-27",-1.08583333333333
"2011-01-28",-1.317875
"2011-01-29",-1.64145833333333
"2011-01-30",-1.93833333333333
"2011-01-31",-2.29979166666667
"2011-02-01",-2.702875
"2011-02-02",-3.18766666666667
"2011-02-03",-3.56291666666667
"2011-02-04",-3.79679166666667
"2011-02-05",-3.981
"2011-02-06",-3.976
"2011-02-07",-3.976
"2011-02-08",-4.13666666666667
"2011-02-09",-4.393
"2011-02-10",-4.70716666666667
"2011-02-11",-5.04883333333333
"2011-02-12",-5.408375
"2011-02-13",-5.698125
"2011-02-14",-5.916875
"2011-02-15",-6.08875
"2011-02-16",-6.246125
"2011-02-17",-6.30954166666667
"2011-02-18",-6.03666666666667
"2011-02-19",-5.995
"2011-02-20",-5.78670833333333
"2011-02-21",-5.33633333333333
"2011-02-22",-5.1405
"2011-02-23",-5.26433333333333
"2011-02-24",-5.372
"2011-02-25",-5.3105
"2011-02-26",-5.274625
"2011-02-27",-5.584125
"2011-02-28",-5.98458333333333
"2011-03-01",-6.1515
"2011-03-02",-6.24075
"2011-03-03",-6.39908333333333
"2011-03-04",-6.73804166666667
"2011-03-05",-7.06866666666667
"2011-03-06",-7.14875
"2011-03-07",-7.35908333333333
"2011-03-08",-7.63533333333333
"2011-03-09",-7.787
"2011-03-10",-7.75991666666667
"2011-03-11",-7.54866666666667
"2011-03-12",-7.31041666666667
"2011-03-13",-7.058
"2011-03-14",-7.09004166666667
"2011-03-15",-7.34283333333333
"2011-03-16",-7.397
"2011-03-17",-7.397
"2011-03-18",-7.29408333333333
"2011-03-19",-7.267
"2011-03-20",-7.261625
"2011-03-21",-7.13808333333333
"2011-03-22",-7.02066666666667
"2011-03-23",-7.042
"2011-03-24",-7.138
"2011-03-25",-7.13266666666667
"2011-03-26",-6.89266666666667
"2011-03-27",-6.41495833333333
"2011-03-28",-5.81270833333333
"2011-03-29",-5.39804166666667
"2011-03-30",-5.13566666666667
"2011-03-31",-5.003
"2011-04-01",-5.003
"2011-04-02",-5.003
"2011-04-03",-5.003
"2011-04-04",-5.003
"2011-04-05",-5.003
"2011-04-06",-5.00808333333333
"2011-04-07",-4.95175
"2011-04-08",-4.82916666666667
"2011-04-09",-4.758
"2011-04-10",-4.758
"2011-04-11",-4.636
"2011-04-12",-4.50895833333333
"2011-04-13",-4.514
"2011-04-14",-4.5445
"2011-04-15",NA
"2011-04-16",NA
"2011-04-17",NA
"2011-04-18",NA
"2011-04-19",NA
"2011-04-20",NA
"2011-04-21",NA
"2011-04-22",NA
"2011-04-23",NA
"2011-04-24",NA
"2011-04-25",NA
"2011-04-26",NA
"2011-04-27",NA
"2011-04-28",NA
"2011-04-29",NA
"2011-04-30",NA
"2011-05-01",NA
"2011-05-02",NA
"2011-05-03",NA
"2011-05-04",NA
"2011-05-05",NA
"2011-05-06",NA
"2011-05-07",NA
"2011-05-08",NA
"2011-05-09",NA
"2011-05-10",NA
"2011-05-11",NA
"2011-05-12",NA
"2011-05-13",NA
"2011-05-14",NA
"2011-05-15",NA
"2011-05-16",NA
"2011-05-17",NA
"2011-05-18",NA
"2011-05-19",NA
"2011-05-20",NA
"2011-05-21",NA
"2011-05-22",NA
"2011-05-23",NA
"2011-05-24",NA
"2011-05-25",NA
"2011-05-26",NA
"2011-05-27",NA
"2011-05-28",NA
"2011-05-29",NA
"2011-05-30",NA
"2011-05-31",NA
"2011-06-01",NA
"2011-06-02",NA
"2011-06-03",NA
"2011-06-04",NA
"2011-06-05",NA
"2011-06-06",NA
"2011-06-07",NA
"2011-06-08",NA
"2011-06-09",NA
"2011-06-10",NA
"2011-06-11",NA
"2011-06-12",NA
"2011-06-13",NA
"2011-06-14",NA
"2011-06-15",NA
"2011-06-16",NA
"2011-06-17",NA
"2011-06-18",NA
"2011-06-19",NA
"2011-06-20",NA
"2011-06-21",NA
"2011-06-22",NA
"2011-06-23",NA
"2011-06-24",NA
"2011-06-25",NA
"2011-06-26",NA
"2011-06-27",NA
"2011-06-28",NA
"2011-06-29",NA
"2011-06-30",NA
"2011-07-01",NA
"2011-07-02",NA
"2011-07-03",NA
"2011-07-04",NA
"2011-07-05",NA
"2011-07-06",NA
"2011-07-07",NA
"2011-07-08",NA
"2011-07-09",NA
"2011-07-10",NA
"2011-07-11",NA
"2011-07-12",NA
"2011-07-13",NA
"2011-07-14",NA
"2011-07-15",NA
"2011-07-16",NA
"2011-07-17",NA
"2011-07-18",NA
"2011-07-19",NA
"2011-07-20",NA
"2011-07-21",NA
"2011-07-22",NA
"2011-07-23",NA
"2011-07-24",NA
"2011-07-25",NA
"2011-07-26",NA
"2011-07-27",NA
"2011-07-28",NA
"2011-07-29",14.8503425741795
"2011-07-30",14.3279498536688
"2011-07-31",12.5391170659814
"2011-08-01",13.5815446241407
"2011-08-02",12.3842261791815
"2011-08-03",14.0085660249018
"2011-08-04",15.6956105323337
"2011-08-05",16.4730272674534
"2011-08-06",15.7769894738425
"2011-08-07",14.6499702107621
"2011-08-08",15.0099501230944
"2011-08-09",12.4256706578029
"2011-08-10",12.8719328541705
"2011-08-11",14.044488193227
"2011-08-12",14.1048699399388
"2011-08-13",13.0550953537684
"2011-08-14",12.7080348897243
"2011-08-15",12.0365834203697
"2011-08-16",11.0004489699682
"2011-08-17",9.15678569587082
"2011-08-18",7.94977665455471
"2011-08-19",8.55770681611885
"2011-08-20",9.92515227326291
"2011-08-21",10.6415562711974
"2011-08-22",9.8097246368012
"2011-08-23",10.8593834386219
"2011-08-24",12.3088405706264
"2011-08-25",13.1096792940959
"2011-08-26",12.164546766206
"2011-08-27",12.3958756587101
"2011-08-28",10.8463542406226
"2011-08-29",10.2959492670712
"2011-08-30",9.7657099392825
"2011-08-31",10.2571418017396
"2011-09-01",9.18155117214712
"2011-09-02",9.25255967201835
"2011-09-03",9.98921501104977
"2011-09-04",6.99672173067981
"2011-09-05",7.01464739284537
"2011-09-06",7.34101061183022
"2011-09-07",8.75062100344789
"2011-09-08",7.58524981279411
"2011-09-09",7.37947257888563
"2011-09-10",6.23313119109955
"2011-09-11",4.79707881717992
"2011-09-12",4.63118566900237
"2011-09-13",4.96781897369808
"2011-09-14",4.25829270665322
"2011-09-15",5.68668099143286
"2011-09-16",4.80479165551661
"2011-09-17",4.36009383192902
"2011-09-18",4.69170138328361
"2011-09-19",6.88004244129001
"2011-09-20",6.32970079179328
"2011-09-21",4.60076424027011
"2011-09-22",3.95073142224709
"2011-09-23",3.31320560671576
"2011-09-24",4.65421060769492
"2011-09-25",5.29755438405733
"2011-09-26",3.77953456136075
"2011-09-27",4.01066953297818
"2011-09-28",4.59960009495024
"2011-09-29",5.62142882432753
"2011-09-30",3.99438575853461
"2011-10-01",2.82331897811515
"2011-10-02",2.2249532937145
"2011-10-03",2.77550611787888
"2011-10-04",1.46238418222273
"2011-10-05",1.32490487468432
"2011-10-06",1.08401690959369
"2011-10-07",0.316220774411702
"2011-10-08",1.80001007816598
"2011-10-09",1.70093592425333
"2011-10-10",2.85521604957035
"2011-10-11",1.60288749529099
"2011-10-12",0.709767842515091
"2011-10-13",0.542097717655851
"2011-10-14",-0.121483804424181
"2011-10-15",0.433392693809839
"2011-10-16",0.995330977253193
"2011-10-17",1.57756358617474
"2011-10-18",1.85226834520801
"2011-10-19",1.95297886093533
"2011-10-20",0.73111465067869
"2011-10-21",0.254632003097878
"2011-10-22",0.34430104597784
"2011-10-23",0.869168438042984
"2011-10-24",0.288765708142385
"2011-10-25",0.107602903592789
"2011-10-26",0.125185880639473
"2011-10-27",0.130259637891499
"2011-10-28",0.107957083601577
"2011-10-29",-0.153222598356127
"2011-10-30",-0.367681951426085
"2011-10-31",-0.489309593154352
"2011-11-01",-0.687213486114641
"2011-11-02",-1.12733240079726
"2011-11-03",-0.722399784709434
"2011-11-04",-1.19183202069628
"2011-11-05",-1.80660321002386
"2011-11-06",-1.19720735052098
"2011-11-07",-0.983145741087712
"2011-11-08",-0.885821077766733
"2011-11-09",-1.34357270991956
"2011-11-10",-1.76215514614478
"2011-11-11",-1.15773896949389
"2011-11-12",-0.619750564579079
"2011-11-13",-0.769036177348997
"2011-11-14",-0.82160889869688
"2011-11-15",-0.440743492158779
"2011-11-16",-0.642544449227794
"2011-11-17",-1.29598930218177
"2011-11-18",-1.38827052634228
"2011-11-19",-1.95320739657058
"2011-11-20",-2.01490589972007
"2011-11-21",-2.31910322400524
"2011-11-22",-2.38174298017326
"2011-11-23",-2.41571261627154
"2011-11-24",-2.961288338586
"2011-11-25",-3.70380228498512
"2011-11-26",-3.6520992357911
"2011-11-27",-3.84743469947897
"2011-11-28",-3.95625595569758
"2011-11-29",-3.91179924537777
"2011-11-30",-3.88079459130412
"2011-12-01",-4.28847489379859
"2011-12-02",-4.31112251365604
"2011-12-03",-4.5498012598001
"2011-12-04",-4.29375269224963
"2011-12-05",-4.27553275173036
"2011-12-06",-5.4008120390923
"2011-12-07",-6.13670478124977
"2011-12-08",-6.09628662579627
"2011-12-09",-5.91837876889628
"2011-12-10",-7.27944090558055
"2011-12-11",-8.11939796080618
"2011-12-12",-8.23840218528182
"2011-12-13",-7.82534571296044
"2011-12-14",-7.38428436801643
"2011-12-15",-6.29443521729435
"2011-12-16",-5.55114162085486
"2011-12-17",-6.80486570126801
"2011-12-18",-8.74006267736317
"2011-12-19",-9.5359064065019
"2011-12-20",-9.80265350389799
"2011-12-21",-9.84404540140254
"2011-12-22",-10.0401217682682
"2011-12-23",-11.8698316031565
"2011-12-24",-12.6599869807358
"2011-12-25",-11.7369375201456
"2011-12-26",-11.4669795125684
"2011-12-27",-12.6878440353462
"2011-12-28",-13.7358078163728
"2011-12-29",-12.2081701170242
"2011-12-30",-10.6844457167722
"2011-12-31",-11.4461987756886
"2012-01-01",-11.686334103472
"2012-01-02",-10.8276040689334
"2012-01-03",-9.22209891556456
"2012-01-04",-9.90740095449951
"2012-01-05",-9.89395049697242
"2012-01-06",-8.74099099441734
"2012-01-07",-8.32685562764277
"2012-01-08",-8.56582471349081
"2012-01-09",-8.98805077454463
"2012-01-10",-8.49985783234602
"2012-01-11",-9.36213951337795
"2012-01-12",-10.096838633562
"2012-01-13",-10.1786765159605
"2012-01-14",-10.2382880229126
"2012-01-15",-12.4576666661767
"2012-01-16",-14.0560824265238
"2012-01-17",-14.0869564651799
"2012-01-18",-13.1254864871621
"2012-01-19",-13.2450013936713
"2012-01-20",-13.9105879384446
"2012-01-21",-12.8323768087801
"2012-01-22",-14.0852892469509
"2012-01-23",-14.8500873862597
"2012-01-24",-14.3601830286744
"2012-01-25",-13.0709165226731
"2012-01-26",-12.4150368069113
"2012-01-27",-12.4064969996366
"2012-01-28",-12.0254364072205
"2012-01-29",-11.6202106716043
"2012-01-30",-10.9265620835308
"2012-01-31",-11.3693242610483
"2012-02-01",-12.2955393180759
"2012-02-02",-12.521677761303
"2012-02-03",-12.7172184462663
"2012-02-04",-11.7755373568595
"2012-02-05",-12.17316960557
"2012-02-06",-12.3001069962566
"2012-02-07",-12.9245830721544
"2012-02-08",-13.7173137969621
"2012-02-09",-14.301976801138
"2012-02-10",-14.3744535636357
"2012-02-11",-15.0520898441053
"2012-02-12",-15.3403228266731
"2012-02-13",-14.8610997254297
"2012-02-14",-14.5641328817556
"2012-02-15",-14.9920778206709
"2012-02-16",-14.1761119122048
"2012-02-17",-13.0126538743833
"2012-02-18",-12.3729494057788
"2012-02-19",-12.2149637602481
"2012-02-20",-11.9615648810837
"2012-02-21",-13.1245487213184
"2012-02-22",-14.1500548826081
"2012-02-23",-13.3187644634006
"2012-02-24",-13.2074135143059
"2012-02-25",-12.9893357023355
"2012-02-26",-12.5063109576184
"2012-02-27",-13.604618308962
"2012-02-28",-15.1197535183012
"2012-02-29",-17.2646227720537
"2012-03-01",-16.1238166154531
"2012-03-02",-14.9849526357644
"2012-03-03",-16.4057332986049
"2012-03-04",-16.6681598372687
"2012-03-05",-17.6848324707073
"2012-03-06",-17.3679872038988
"2012-03-07",-15.5411129448236
"2012-03-08",-14.7077449554792
"2012-03-09",-14.5098332263773
"2012-03-10",-15.9598965283879
"2012-03-11",-15.0904494581333
"2012-03-12",-14.891038638869
"2012-03-13",-14.4574218497862
"2012-03-14",-14.3817867698471
"2012-03-15",-11.7262773530765
"2012-03-16",-9.6974105783131
"2012-03-17",-10.5851074376111
"2012-03-18",-10.7616464776556
"2012-03-19",-10.6940576542869
"2012-03-20",-12.2829344006245
"2012-03-21",-11.7783698914346
"2012-03-22",-9.81764318324388
"2012-03-23",-10.2310216420424
"2012-03-24",-13.2514584414642
"2012-03-25",-14.4969366427594
"2012-03-26",-15.1446134996661
"2012-03-27",-14.0944681248863
"2012-03-28",-12.6445623598241
"2012-03-29",-12.2765620517217
"2012-03-30",-11.8688310253107
"2012-03-31",-11.1593000467211
"2012-04-01",-10.6749467205741
"2012-04-02",-10.3531098180184
"2012-04-03",-9.8850973629012
"2012-04-04",-9.31549005030613
"2012-04-05",-8.82390030245361
"2012-04-06",-8.47043693325508
"2012-04-07",-8.1819791526561
"2012-04-08",-7.84628579325959
"2012-04-09",-7.70025882326275
"2012-04-10",-7.58658832134956
"2012-04-11",-7.45659906823882
"2012-04-12",-7.43485688966273
"2012-04-13",-7.52705872130737
"2012-04-14",-7.47281079205468
"2012-04-15",-7.45140057550726
"2012-04-16",-7.68857284812629
"2012-04-17",-7.95719358687907
"2012-04-18",-8.12733409219445
"2012-04-19",-8.28053205912866
"2012-04-20",-8.20967915563189
"2012-04-21",-8.11031099122322
"2012-04-22",-7.94549787247865
"2012-04-23",-7.81455242586648
"2012-04-24",-7.69560829780867
"2012-04-25",-7.35793286101894
"2012-04-26",-4.50371106686719
"2012-04-27",-2.64820484085399
"2012-04-28",-3.12858907661061
"2012-04-29",-3.50956265616359
"2012-04-30",-3.78664909513047
"2012-05-01",-3.94577515050128
"2012-05-02",-4.09294820325322
"2012-05-03",-3.13890608131171
"2012-05-04",0.11631745184363
"2012-05-05",0.120999875576655
"2012-05-06",0.120999999996694
"2012-05-07",0.121
"2012-05-08",0.121
"2012-05-09",0.121
"2012-05-10",0.121
"2012-05-11",0.121
"2012-05-12",0.121
"2012-05-13",0.121
"2012-05-14",0.121
"2012-05-15",0.121
"2012-05-16",0.121
"2012-05-17",0.121
"2012-05-18",0.121
"2012-05-19",0.121000000000001
"2012-05-20",0.121000000030321
"2012-05-21",0.121001141099862
"2012-05-22",0.134652485496499
"2012-05-23",0.121221367491047
"2012-05-24",0.121000005882114
"2012-05-25",0.121000000000156
"2012-05-26",0.121
"2012-05-27",0.121
"2012-05-28",0.121
"2012-05-29",0.121000000000001
"2012-05-30",0.121000000030298
"2012-05-31",0.12100114022473
"2012-06-01",0.134619550787061
"2012-06-02",0.246395402245021
"2012-06-03",0.801754093907375
"2012-06-04",1.99235526345568
"2012-06-05",4.21164746379863
"2012-06-06",8.13379733424655
"2012-06-07",7.98309068194372
"2012-06-08",7.10382971348084
"2012-06-09",6.4837631227295
"2012-06-10",7.09360053292332
"2012-06-11",5.34620680250671
"2012-06-12",8.39546889349795
"2012-06-13",11.8298672102854
"2012-06-14",7.78397021071117
"2012-06-15",9.25168158279694
"2012-06-16",10.5648278805583
"2012-06-17",12.1223864585405
"2012-06-18",13.2305139434323
"2012-06-19",15.3939440067801
"2012-06-20",14.6972233300472
"2012-06-21",10.2519284335992
"2012-06-22",11.8331550762682
"2012-06-23",11.5303785109781
"2012-06-24",11.3264770721088
"2012-06-25",11.6837115644001
"2012-06-26",13.3801070060844
"2012-06-27",15.3054109713079
"2012-06-28",12.7119566415133
"2012-06-29",12.2809607387539
"2012-06-30",11.7339161798804
"2012-07-01",11.708830659516
"2012-07-02",13.3026934882035
"2012-07-03",14.819946057977
"2012-07-04",13.7270024195072
"2012-07-05",13.5095541186498
"2012-07-06",13.636309957879
"2012-07-07",15.5415673677012
"2012-07-08",11.04049221916
"2012-07-09",9.47274738943807
"2012-07-10",11.0195674488862
"2012-07-11",10.3512351035913
"2012-07-12",10.9693072162407
"2012-07-13",9.92461034288043
"2012-07-14",12.2026006347159
"2012-07-15",12.3722321124388
"2012-07-16",10.6980799997644
"2012-07-17",8.13956235505382
"2012-07-18",10.6859928735996
"2012-07-19",11.6698538029908
"2012-07-20",12.7499177728685
"2012-07-21",14.1163742189477
"2012-07-22",15.7295769954388
"2012-07-23",15.246966568639
"2012-07-24",13.1777254978743
"2012-07-25",12.5750004105802
"2012-07-26",11.7600450515716
"2012-07-27",11.2322623480856
"2012-07-28",12.2182955180056
"2012-07-29",12.7612051766446
"2012-07-30",13.7846340520619
"2012-07-31",14.0149277126567
"2012-08-01",14.2356725897331
"2012-08-02",12.4750997952862
"2012-08-03",9.70770376751791
"2012-08-04",9.84397617122063
"2012-08-05",10.0966011100656
"2012-08-06",10.8287941720929
"2012-08-07",11.0189874846547
"2012-08-08",10.9131385072114
"2012-08-09",10.6431762438271
"2012-08-10",10.3576386561917
"2012-08-11",12.1311898851338
"2012-08-12",13.7707777885477
"2012-08-13",14.917595059104
"2012-08-14",15.9318231348451
"2012-08-15",15.0667323807712
"2012-08-16",15.9457877099732
"2012-08-17",15.8541608006437
"2012-08-18",15.007158716161
"2012-08-19",15.1236113490301
"2012-08-20",16.0257349420218
"2012-08-21",14.924040836644
"2012-08-22",13.3769739708804
"2012-08-23",12.5767203268321
"2012-08-24",12.6298924496123
"2012-08-25",12.937356468456
"2012-08-26",13.9065139528031
"2012-08-27",12.4256059771238
"2012-08-28",11.9742072124008
"2012-08-29",11.2699927979169
"2012-08-30",8.90151347975839
"2012-08-31",8.39787233056175
"2012-09-01",7.70392920214011
"2012-09-02",7.02719323253914
"2012-09-03",8.50534158340675
"2012-09-04",8.02758169711957
"2012-09-05",8.71239904888322
"2012-09-06",11.0621406407574
"2012-09-07",10.7717977442837
"2012-09-08",10.6945967453823
"2012-09-09",10.4017830984487
"2012-09-10",8.6425117551118
"2012-09-11",7.07434026044621
"2012-09-12",7.3328714824593
"2012-09-13",8.17737629190276
"2012-09-14",5.17834520809004
"2012-09-15",6.01849052427926
"2012-09-16",5.11277391276669
"2012-09-17",6.27340550020778
"2012-09-18",6.7064999192494
"2012-09-19",6.70566818593719
"2012-09-20",5.58781365347217
"2012-09-21",6.16918603022756
"2012-09-22",8.24901644917621
"2012-09-23",8.80074035376594
"2012-09-24",8.22965007942651
"2012-09-25",6.92262656116621
"2012-09-26",6.86212445479318
"2012-09-27",6.34189987826829
"2012-09-28",5.53501466452085
"2012-09-29",5.65379951413181
"2012-09-30",6.4572736287757
"2012-10-01",8.3755353366121
"2012-10-02",7.81924338151851
"2012-10-03",7.19702516294521
"2012-10-04",4.59405062696163
"2012-10-05",3.23656929377085
"2012-10-06",2.6874656514818
"2012-10-07",2.88369684382847
"2012-10-08",2.49963523622752
"2012-10-09",2.08569692294027
"2012-10-10",1.68224541395657
"2012-10-11",2.33970883223385
"2012-10-12",1.9269499610098
"2012-10-13",1.11267010692322
"2012-10-14",0.879401827057035
"2012-10-15",0.508408493315708
"2012-10-16",0.287030060748213
"2012-10-17",0.42554122346629
"2012-10-18",0.645481894286251
"2012-10-19",0.343383160137014
"2012-10-20",0.245769479885524
"2012-10-21",0.315050012178141
"2012-10-22",0.44016506684446
"2012-10-23",0.562242278905022
"2012-10-24",0.562999985508694
"2012-10-25",0.563042602193102
"2012-10-26",0.646207616367029
"2012-10-27",0.674002865665386
"2012-10-28",0.715249945866593
"2012-10-29",0.770246914728405
"2012-10-30",0.784000054043633
"2012-10-31",0.783999926331001
"2012-11-01",0.796702795486171
"2012-11-02",0.81191743725752
"2012-11-03",0.797931879956231
"2012-11-04",0.825719810837886
"2012-11-05",0.892114378215042
"2012-11-06",0.824822341465538
"2012-11-07",0.700776311132381
"2012-11-08",0.536222666404563
"2012-11-09",0.425500232282983
"2012-11-10",0.3430422195064
"2012-11-11",0.342999782670444
"2012-11-12",0.315251022206567
"2012-11-13",0.272868087401791
"2012-11-14",0.0662530345798979
"2012-11-15",0.0100019591433789
"2012-11-16",0.0367273673401985
"2012-11-17",-0.128523367001346
"2012-11-18",-0.25492202191199
"2012-11-19",-0.12977982440478
"2012-11-20",-0.143614627588819
"2012-11-21",-0.213170408779888
"2012-11-22",-0.11571606137225
"2012-11-23",-0.101999941157085
"2012-11-24",-0.101999999914854
"2012-11-25",-0.101996854458393
"2012-11-26",-0.0598429094676223
"2012-11-27",-0.185706198186213
"2012-11-28",-0.337861605782513
"2012-11-29",-0.424095450519577
"2012-11-30",-0.493608741800614
"2012-12-01",-0.944256436750794
"2012-12-02",-1.24034953017183
"2012-12-03",-1.50044044513755
"2012-12-04",-1.62672080108526
"2012-12-05",-1.64042833811552
"2012-12-06",-1.35742373951642
"2012-12-07",-1.36876517848778
"2012-12-08",-1.384104395424
"2012-12-09",-1.5708515909341
"2012-12-10",-1.97025060865964
"2012-12-11",-2.24752229838656
"2012-12-12",-2.45099322917244
"2012-12-13",-2.74140666129142
"2012-12-14",-3.30034873798372
"2012-12-15",-3.56765756870501
"2012-12-16",-4.01773079525977
"2012-12-17",-4.48404802748403
"2012-12-18",-4.94085590920821
"2012-12-19",-4.9261233736313
"2012-12-20",-4.74311017060011
"2012-12-21",-4.25596754657706
"2012-12-22",-3.70351919191804
"2012-12-23",-3.19743998596325
"2012-12-24",-2.68229680837231
"2012-12-25",-2.20427129746881
"2012-12-26",-1.88526768819314
"2012-12-27",-1.8277811633508
"2012-12-28",-1.95727922607274
"2012-12-29",-2.17509279653321
"2012-12-30",-2.44903476389294
"2012-12-31",-2.68410506901842
"2013-01-01",-2.84238884815499
"2013-01-02",-2.72700084021762
"2013-01-03",-2.56732912383157
"2013-01-04",-2.42085191851538
"2013-01-05",-2.37699913580588
"2013-01-06",-2.37699999997542
"2013-01-07",-2.37699993925168
"2013-01-08",-2.39150546453818
"2013-01-09",-2.66977903374881
"2013-01-10",-3.10866298397472
"2013-01-11",-3.35923301903876
"2013-01-12",-3.64355947145545
"2013-01-13",-3.9101348709798
"2013-01-14",-3.88121664918214
"2013-01-15",-3.68725125222164
"2013-01-16",-3.50844186726171
"2013-01-17",-3.65743034894124
"2013-01-18",-3.94097685404586
"2013-01-19",-4.50081888712436
"2013-01-20",-5.15659062838803
"2013-01-21",-5.40219542347098
"2013-01-22",-5.54239294497405
"2013-01-23",-5.52621826095619
"2013-01-24",-5.26407660854617
"2013-01-25",-4.9272659136997
"2013-01-26",-4.62063592393179
"2013-01-27",-4.57484842178601
"2013-01-28",-4.88042512645701
"2013-01-29",-5.07903658733437
"2013-01-30",-5.2336785410027
"2013-01-31",-5.23470945898186
"2013-02-01",-5.13934152306758
"2013-02-02",-5.29476225890925
"2013-02-03",-5.57368928013415
"2013-02-04",-5.68341032215443
"2013-02-05",-5.97868949447641
"2013-02-06",-5.97933961787333
"2013-02-07",-5.7761901678417
"2013-02-08",-5.49599712186757
"2013-02-09",-5.21771178875251
"2013-02-10",-5.01833579016576
"2013-02-11",-4.83408660575705
"2013-02-12",-4.71224915951318
"2013-02-13",-4.62091214284292
"2013-02-14",-4.51382533166035
"2013-02-15",-4.49989425407431
"2013-02-16",-4.43735657484847
"2013-02-17",-4.39299914893954
"2013-02-18",-4.37804825772892
"2013-02-19",-4.27182666566068
"2013-02-20",-4.27117332739913
"2013-02-21",-4.15284333973065
"2013-02-22",-4.09150002161259
"2013-02-23",-4.03115521362802
"2013-02-24",-3.92582817368559
"2013-02-25",-3.91099993638603
"2013-02-26",-3.91100000041006
"2013-02-27",-3.91101549565638
"2013-02-28",-3.89512340831212
"2013-03-01",-3.89711070031334
"2013-03-02",-3.8950894679555
"2013-03-03",-3.79303590470422
"2013-03-04",-3.79200002264563
"2013-03-05",-3.79199998295529
"2013-03-06",-3.79117333156148
"2013-03-07",-3.67282666835139
"2013-03-08",-3.6719967378986
"2013-03-09",-3.6125000000238
"2013-03-10",-3.55300415779155
"2013-03-11",-3.50838636417757
"2013-03-12",-3.43415678223098
"2013-03-13",-3.33058111634143
"2013-03-14",-3.30206943834841
"2013-03-15",-3.22580520631538
"2013-03-16",-3.19700022001667
"2013-03-17",-3.19722644409734
"2013-03-18",-3.10827471719079
"2013-03-19",-3.0789988327314
"2013-03-20",-3.07899999996898
"2013-03-21",-3.0789999999994
"2013-03-22",-3.07899997733485
"2013-03-23",-3.07796646401963
"2013-03-24",-3.02076804835943
"2013-03-25",-2.96276549474511
"2013-03-26",-2.96200007809657
"2013-03-27",-2.94741896210733
"2013-03-28",-2.84383098014869
"2013-03-29",-2.84401202777129
"2013-03-30",-2.7708638313391
"2013-03-31",-2.7269999213572
"2013-04-01",-2.69678763670649
"2013-04-02",-2.61096155726181
"2013-04-03",-2.61000002078098
"2013-04-04",-2.6100010695143
"2013-04-05",-2.59475625329022
"2013-04-06",-2.49474266219006
"2013-04-07",-2.49400001497099
"2013-04-08",-2.4939997685251
"2013-04-09",-2.46470532527343
"2013-04-10",-2.37704490501479
"2013-04-11",-2.37700000119316
"2013-04-12",-2.37699999841511
"2013-04-13",-2.37694035288701
"2013-04-14",-2.30455536611413
"2013-04-15",-2.26100428247004
"2013-04-16",-2.26100000011379
"2013-04-17",-2.261
"2013-04-18",-2.261
"2013-04-19",-2.261
"2013-04-20",-2.261
"2013-04-21",-2.261
"2013-04-22",-2.261
"2013-04-23",-2.261
"2013-04-24",-2.261
"2013-04-25",-2.261
"2013-04-26",-2.261
"2013-04-27",-2.261
"2013-04-28",-2.261
"2013-04-29",-2.26099999999237
"2013-04-30",-2.2609997128054
"2013-05-01",-2.22907289117187
"2013-05-02",-0.471913501156572
"2013-05-03",0.120986105495417
"2013-05-04",0.120999999630799
"2013-05-05",0.12099999999999
"2013-05-06",0.121
"2013-05-07",0.121
"2013-05-08",0.121
"2013-05-09",0.121
"2013-05-10",0.121
"2013-05-11",0.121
"2013-05-12",0.121
"2013-05-13",0.121
"2013-05-14",0.121
"2013-05-15",0.121
"2013-05-16",0.121
"2013-05-17",0.121
"2013-05-18",0.121
"2013-05-19",0.121
"2013-05-20",0.121
"2013-05-21",0.121
"2013-05-22",0.121
"2013-05-23",0.121
"2013-05-24",0.121
"2013-05-25",0.121
"2013-05-26",0.121
"2013-05-27",0.121
"2013-05-28",0.121
"2013-05-29",0.121
"2013-05-30",0.121
"2013-05-31",0.121
"2013-06-01",0.121
"2013-06-02",0.121
"2013-06-03",0.121
"2013-06-04",0.121
"2013-06-05",0.121
"2013-06-06",0.121
"2013-06-07",0.121
"2013-06-08",0.121
"2013-06-09",0.121
"2013-06-10",0.121
"2013-06-11",0.121
"2013-06-12",0.121
"2013-06-13",0.121
"2013-06-14",0.121
"2013-06-15",0.121
"2013-06-16",0.121
"2013-06-17",0.121
"2013-06-18",0.121
"2013-06-19",0.121
"2013-06-20",0.121
"2013-06-21",0.121
"2013-06-22",0.121
"2013-06-23",0.121
"2013-06-24",0.121
"2013-06-25",0.121
"2013-06-26",0.121
"2013-06-27",0.121
"2013-06-28",0.121
"2013-06-29",0.121
"2013-06-30",0.121
"2013-07-01",0.121
"2013-07-02",0.121
"2013-07-03",0.121
"2013-07-04",0.120999999999999
"2013-07-05",0.120999999979792
"2013-07-06",0.120999239478743
"2013-07-07",0.148906320812967
"2013-07-08",0.573152618437733
"2013-07-09",1.73875602656762
"2013-07-10",2.93943672137773
"2013-07-11",5.01144901881144
"2013-07-12",3.96825050010002
"2013-07-13",6.14187791801673
"2013-07-14",7.56446274642589
"2013-07-15",7.06157323444482
"2013-07-16",7.18735685596974
"2013-07-17",6.95516686154399
"2013-07-18",7.1279787002563
"2013-07-19",5.61892839899518
"2013-07-20",5.50025791152178
"2013-07-21",6.64227523156111
"2013-07-22",7.40567857282998
"2013-07-23",6.3417858866114
"2013-07-24",5.35866519773284
"2013-07-25",5.45296157886049
"2013-07-26",7.97054950207202
"2013-07-27",9.7441645231066
"2013-07-28",12.5620374743431
"2013-07-29",13.0056294715675
"2013-07-30",12.6612933375453
"2013-07-31",13.5396937344839
"2013-08-01",13.639335230167
"2013-08-02",13.4452611477885
"2013-08-03",12.2653703944969
"2013-08-04",10.8807625691601
"2013-08-05",9.58004472289548
"2013-08-06",10.4525163482922
"2013-08-07",11.7702099907878
"2013-08-08",12.4554799116308
"2013-08-09",13.3384180281189
"2013-08-10",11.9814939299405
"2013-08-11",8.84340524010763
"2013-08-12",7.3591456139947
"2013-08-13",9.33832628075859
"2013-08-14",11.5984933435355
"2013-08-15",12.8828587797016
"2013-08-16",11.9812386131322
"2013-08-17",12.4202745038289
"2013-08-18",11.0983273709949
"2013-08-19",10.5260194060916
"2013-08-20",10.9810292581823
"2013-08-21",11.8055969159995
"2013-08-22",10.8680019102563
"2013-08-23",9.2308492258383
"2013-08-24",8.41202717720207
"2013-08-25",9.84204870781231
"2013-08-26",10.8339870756996
"2013-08-27",8.79768317002469
"2013-08-28",7.02137807773556
"2013-08-29",7.73339433013229
"2013-08-30",8.16473100960317
"2013-08-31",5.66312940907551
"2013-09-01",5.37176958245562
"2013-09-02",7.30661450356059
"2013-09-03",8.08337408348731
"2013-09-04",9.54244901323039
"2013-09-05",7.28853982917713
"2013-09-06",4.88484335006719
"2013-09-07",5.7353743773195
"2013-09-08",4.54669491418924
"2013-09-09",4.29610955370394
"2013-09-10",3.48854084655497
"2013-09-11",3.33142914036727
"2013-09-12",3.26454717970831
"2013-09-13",3.26025700215584
"2013-09-14",3.34116639754502
"2013-09-15",4.35193431832181
"2013-09-16",3.87727488112884
"2013-09-17",2.24740041775582
"2013-09-18",1.99422749696707
"2013-09-19",1.55124821889854
"2013-09-20",2.41039530837207
"2013-09-21",1.46255094434032
"2013-09-22",2.90523288395627
"2013-09-23",3.74951219911629
"2013-09-24",4.0333686583225
"2013-09-25",5.16875566522577
"2013-09-26",6.80153089292887
"2013-09-27",7.52172993112519
"2013-09-28",7.51194707232609
"2013-09-29",9.36963998910953
"2013-09-30",8.66468085360515
"2013-10-01",7.97418792049904
"2013-10-02",8.69544976268189
"2013-10-03",6.55769473871259
"2013-10-04",4.9849302802109
"2013-10-05",4.92447071812725
"2013-10-06",4.67174238721516
"2013-10-07",3.45321029263697
"2013-10-08",4.93882737925226
"2013-10-09",2.35401937593499
"2013-10-10",1.26815822496232
"2013-10-11",0.67057718933033
"2013-10-12",0.364937810456328
"2013-10-13",2.45978707968031
"2013-10-14",2.66621332265373
"2013-10-15",1.80100878175707
"2013-10-16",1.20173765627317
"2013-10-17",1.1461696250165
"2013-10-18",1.9631941035001
"2013-10-19",2.89305483116394
"2013-10-20",2.84739136469652
"2013-10-21",2.49603637984252
"2013-10-22",1.82283873992501
"2013-10-23",1.44962973583734
"2013-10-24",1.16452865140854
"2013-10-25",0.83106792864179
"2013-10-26",-0.0715327018332708
"2013-10-27",-0.469629833067372
"2013-10-28",-0.822577177861104
"2013-10-29",-1.55264568060188
"2013-10-30",-2.20686937106847
"2013-10-31",-3.20616788792297
"2013-11-01",-3.11989694434325
"2013-11-02",-1.3040605261315
"2013-11-03",-0.931540710838772
"2013-11-04",-1.78775951353309
"2013-11-05",-1.85258881574214
"2013-11-06",-1.59674601496752
"2013-11-07",-1.91571624982538
"2013-11-08",-1.59276658017852
"2013-11-09",-1.30841496640977
"2013-11-10",-1.53148206287846
"2013-11-11",-1.81965051264153
"2013-11-12",-1.8746745775443
"2013-11-13",-2.4824285675019
"2013-11-14",-3.32877089996559
"2013-11-15",-3.23692629322821
"2013-11-16",-3.1860567839007
"2013-11-17",-1.44053735902827
"2013-11-18",0.0556010030135133
"2013-11-19",0.0930042140310013
"2013-11-20",-1.75238516030948
"2013-11-21",-3.06708563438906
"2013-11-22",-3.03232388195682
"2013-11-23",-2.24620737311874
"2013-11-24",-1.73263662434147
"2013-11-25",-1.13826309359441
"2013-11-26",-0.825211040887029
"2013-11-27",-0.717869093281739
"2013-11-28",-0.746064968524378
"2013-11-29",-0.773823019839236
"2013-11-30",-0.685685883503499
"2013-12-01",-0.749827861969223
"2013-12-02",-0.891599244027793
"2013-12-03",-0.9917329910874
"2013-12-04",-1.12442622808149
"2013-12-05",-1.22804573888344
"2013-12-06",-1.26089702235667
"2013-12-07",-1.27945196551466
"2013-12-08",-1.13774815624125
"2013-12-09",-1.04374335106093
"2013-12-10",-1.19474789305878
"2013-12-11",-1.43168624545287
"2013-12-12",-1.45599681355308
"2013-12-13",-1.50418667778815
"2013-12-14",-1.4790183990333
"2013-12-15",-1.56565920790696
"2013-12-16",-1.80744530496905
"2013-12-17",-2.13155910833218
"2013-12-18",-2.30939877953855
"2013-12-19",-2.41101282323831
"2013-12-20",-2.57562152651612
"2013-12-21",-2.76101608434731
"2013-12-22",-3.11897457777107
"2013-12-23",-3.55296597431178
"2013-12-24",-3.99172489408377
"2013-12-25",-4.27772575213228
"2013-12-26",-4.31252251864961
"2013-12-27",-4.1963661073221
"2013-12-28",-4.40736599670103
"2013-12-29",-5.10076207251221
"2013-12-30",-5.55467926108492
"2013-12-31",-5.34464681962929
"2014-01-01",-5.8333140008851
"2014-01-02",-6.61349026814104
"2014-01-03",-6.78154833026916
"2014-01-04",-6.04866274828575
"2014-01-05",-5.47358454457913
"2014-01-06",-5.05011572028639
"2014-01-07",-4.65123826916283
"2014-01-08",-4.28666984244341
"2014-01-09",-4.27612613485666
"2014-01-10",-4.88615046414791
"2014-01-11",-5.12564994080237
"2014-01-12",-5.24354113659628
"2014-01-13",-5.33694305705002
"2014-01-14",-5.04856510616563
"2014-01-15",-4.63112349136625
"2014-01-16",-4.31586730445405
"2014-01-17",-4.51427622135482
"2014-01-18",-4.86079438487279
"2014-01-19",-5.105242970291
"2014-01-20",-5.39674676896874
"2014-01-21",-5.51318817709139
"2014-01-22",-5.25912377724872
"2014-01-23",-4.89946146808686
"2014-01-24",-4.62632175904865
"2014-01-25",-4.43322967973596
"2014-01-26",-4.39300097963511
"2014-01-27",-4.39299901899177
"2014-01-28",-4.35776031200326
"2014-01-29",-4.27199957855446
"2014-01-30",-4.19194845088355
"2014-01-31",-4.15200097292654
"2014-02-01",-4.15200000002535
"2014-02-02",-4.15199998128295
"2014-02-03",-4.1512956025256
"2014-02-04",-4.26270546710666
"2014-02-05",-4.30723960061456
"2014-02-06",-4.39234072779526
"2014-02-07",-4.50464080178244
"2014-02-08",-4.58006577490568
"2014-02-09",-4.6352875540671
"2014-02-10",-4.74854954190983
"2014-02-11",-4.75728379152399
"2014-02-12",-4.87054956083817
"2014-02-13",-4.8799999032798
"2014-02-14",-4.87903269347472
"2014-02-15",-4.97834465748505
"2014-02-16",-5.03852932102301
"2014-02-17",-5.14591438900437
"2014-02-18",-5.28462813600241
"2014-02-19",-5.40816148122272
"2014-02-20",-5.54773675539483
"2014-02-21",-5.62446049223965
"2014-02-22",-5.74573374702428
"2014-02-23",-5.74500001959742
"2014-02-24",-5.74500378230217
"2014-02-25",-5.69289869594982
"2014-02-26",-5.61557514863964
"2014-02-27",-5.51613409696544
"2014-02-28",-5.61975227102621
"2014-03-01",-5.703583703523
"2014-03-02",-5.84823500249463
"2014-03-03",-6.00020851260069
"2014-03-04",-6.12073376724413
"2014-03-05",-6.12001295287
"2014-03-06",-6.17273454231502
"2014-03-07",-6.2457525305451
"2014-03-08",-6.2459999920021
"2014-03-09",-6.24594647640862
"2014-03-10",-6.33072094767857
"2014-03-11",-6.39419845890908
"2014-03-12",-6.53578996983448
"2014-03-13",-6.66333184740757
"2014-03-14",-6.7533025890148
"2014-03-15",-6.87208091349897
"2014-03-16",-6.93535158691651
"2014-03-17",-7.00998554690435
"2014-03-18",-7.01005394474831
"2014-03-19",-6.92461555546468
"2014-03-20",-6.82864930185221
"2014-03-21",-6.74943257303041
"2014-03-22",-6.62524856912237
"2014-03-23",-6.62145388919629
"2014-03-24",-6.49805633277367
"2014-03-25",-6.39944871497472
"2014-03-26",-6.35163302565118
"2014-03-27",-6.24619975272543
"2014-03-28",-6.24599993196214
"2014-03-29",-6.24148971037716
"2014-03-30",-6.11926040212144
"2014-03-31",-6.12073372770734
"2014-04-01",-6.00468146922102
"2014-04-02",-5.97515115849247
"2014-04-03",-5.86901723644751
"2014-04-04",-5.84896975151054
"2014-04-05",-5.74499999999982
"2014-04-06",-5.64623857504282
"2014-04-07",-5.62072760582432
"2014-04-08",-5.50560401746055
"2014-04-09",-5.4763099488483
"2014-04-10",-5.37101093927409
"2014-04-11",-5.30539258105747
"2014-04-12",-5.24880124404648
"2014-04-13",-5.15102864197496
"2014-04-14",-5.12499973061528
"2014-04-15",-5.12499999999284
"2014-04-16",-5.125
"2014-04-17",-5.12499999997373
"2014-04-18",-5.12499901132214
"2014-04-19",-5.08948654205687
"2014-04-20",-5.01816364571659
"2014-04-21",-5.0030174671332
"2014-04-22",-5.00300000056303
"2014-04-23",-5.00300372178673
"2014-04-24",-4.9517323878219
"2014-04-25",-4.88001290075496
"2014-04-26",-4.84446906882772
"2014-04-27",-4.75775669482395
"2014-04-28",-4.66159504693585
"2014-04-29",-4.56993413345776
"2014-04-30",-4.49363905778251
"2014-05-01",-4.39317200915023
"2014-05-02",-4.34266996861101
"2014-05-03",-4.27198225324658
"2014-05-04",-4.19194871329103
"2014-05-05",-4.13164374144786
"2014-05-06",-4.03189471321958
"2014-05-07",-3.9202991197113
"2014-05-08",-3.86139872419416
"2014-05-09",-3.75706498098301
"2014-05-10",-3.67176225700721
"2014-05-11",-3.57797911727201
"2014-05-12",-3.55369826899882
"2014-05-13",-3.44321805095013
"2014-05-14",-3.43398674364714
"2014-05-15",-3.37008680985166
"2014-05-16",-3.25225132483388
"2014-05-17",-3.0390497661848
"2014-05-18",-0.536427051706074
"2014-05-19",0.0840525264490035
"2014-05-20",0.120999100171647
"2014-05-21",0.12099999997609
"2014-05-22",0.120999999999999
"2014-05-23",0.121
"2014-05-24",0.121
"2014-05-25",0.121
"2014-05-26",0.121
"2014-05-27",0.121
"2014-05-28",0.121
"2014-05-29",0.121
"2014-05-30",0.121000000000008
"2014-05-31",0.121000000311685
"2014-06-01",0.121011729970249
"2014-06-02",0.314681811159498
"2014-06-03",1.67968611326139
"2014-06-04",2.98300466806423
"2014-06-05",4.06100570490112
"2014-06-06",5.69362413612377
"2014-06-07",6.59909428822067
"2014-06-08",6.83722153819317
"2014-06-09",7.14816296258152
"2014-06-10",5.01361503245978
"2014-06-11",4.44569085102263
"2014-06-12",7.21296957544221
"2014-06-13",9.68938078539307
"2014-06-14",9.66036901829651
"2014-06-15",7.88410100771164
"2014-06-16",7.97856631251812
"2014-06-17",8.78125429903376
"2014-06-18",6.10116796831123
"2014-06-19",5.38894012595525
"2014-06-20",4.99261556496262
"2014-06-21",9.67798167742872
"2014-06-22",11.4367494541509
"2014-06-23",10.7606147261868
"2014-06-24",8.62277252642748
"2014-06-25",7.41306151205257
"2014-06-26",9.55304706010327
"2014-06-27",10.6464011922351
"2014-06-28",11.7186715158279
"2014-06-29",9.91730047524104
"2014-06-30",7.92888592783653
"2014-07-01",6.1331521692967
"2014-07-02",5.46106171754317
"2014-07-03",7.92237307253918
"2014-07-04",7.97366411093733
"2014-07-05",7.96606960945378
"2014-07-06",10.6189902947425
"2014-07-07",7.81212717403753
"2014-07-08",6.78091076686671
"2014-07-09",9.59508975424041
"2014-07-10",7.36459476127596
"2014-07-11",6.95130888287372
"2014-07-12",9.24559775289195
"2014-07-13",10.7001762306228
"2014-07-14",9.20502661663695
"2014-07-15",10.9710698400847
"2014-07-16",11.7750712407887
"2014-07-17",13.1596448895538
"2014-07-18",13.6742716702672
"2014-07-19",15.5051995004612
"2014-07-20",17.0332286848226
"2014-07-21",17.4794862242241
"2014-07-22",16.8380282083891
"2014-07-23",13.8346360698109
"2014-07-24",9.95200360892037
"2014-07-25",8.04518203931371
"2014-07-26",11.2974194787491
"2014-07-27",9.57078675901197
"2014-07-28",8.50070528895218
"2014-07-29",7.85764100082439
"2014-07-30",9.07595584726298
"2014-07-31",11.0585949565206
"2014-08-01",11.876331439723
"2014-08-02",12.6928543079562
"2014-08-03",11.9907497412728
"2014-08-04",12.2575476401815
"2014-08-05",11.9046964060283
"2014-08-06",11.8287746052015
"2014-08-07",12.1033096371253
"2014-08-08",12.7729145240525
"2014-08-09",13.7844302200255
"2014-08-10",13.0552220251623
"2014-08-11",12.7528064065042
"2014-08-12",13.2000942417358
"2014-08-13",12.5060815213055
"2014-08-14",13.0414202348228
"2014-08-15",13.0603830216564
"2014-08-16",14.3282862255035
"2014-08-17",14.7663303555139
"2014-08-18",14.1316465177517
"2014-08-19",14.0276631565112
"2014-08-20",13.4459745146723
"2014-08-21",12.7494720211114
"2014-08-22",13.0213318818571
"2014-08-23",13.8280559005683
"2014-08-24",13.0272634394372
"2014-08-25",10.4848627664527
"2014-08-26",9.48764479711248
"2014-08-27",8.58919565336999
"2014-08-28",8.15767135121544
"2014-08-29",8.75596376615026
"2014-08-30",9.90710672555984
"2014-08-31",8.97528206385269
"2014-09-01",8.97508430655118
"2014-09-02",8.7695384611381
"2014-09-03",10.0630427204491
"2014-09-04",8.86435569981537
"2014-09-05",7.89822524220031
"2014-09-06",6.87467315572821
"2014-09-07",6.63812298894123
"2014-09-08",6.22604543624393
"2014-09-09",6.31219961516106
"2014-09-10",6.31104931274881
"2014-09-11",5.31885859597518
"2014-09-12",4.52289328381255
"2014-09-13",3.08941496100924
"2014-09-14",3.92731878232319
"2014-09-15",4.93816676776081
"2014-09-16",5.36674968362435
"2014-09-17",4.73652397317624
"2014-09-18",3.67310960892693
"2014-09-19",2.92040116053605
"2014-09-20",2.15709656046887
"2014-09-21",2.19712496933614
"2014-09-22",1.73247165798168
"2014-09-23",1.75093206861419
"2014-09-24",1.44594301273627
"2014-09-25",2.01410369263347
"2014-09-26",2.28289777739781
"2014-09-27",1.56565645202514
"2014-09-28",0.773212180986672
"2014-09-29",0.48961835593158
"2014-09-30",0.36607828141632
"2014-10-01",0.282716132524832
"2014-10-02",0.148269824773478
"2014-10-03",0.232661059204125
"2014-10-04",0.447837818821291
"2014-10-05",2.74097912792503
"2014-10-06",3.22759306746971
"2014-10-07",3.79149424947174
"2014-10-08",2.92601932983233
"2014-10-09",3.37400632693217
"2014-10-10",3.0183245465439
"2014-10-11",1.42283941733648
"2014-10-12",0.857071383283108
"2014-10-13",0.71684905914048
"2014-10-14",1.96694808733572
"2014-10-15",1.90392806683914
"2014-10-16",0.90487767031392
"2014-10-17",1.06277486054037
"2014-10-18",0.745071128049708
"2014-10-19",0.517322051068304
"2014-10-20",0.453012665376884
"2014-10-21",0.434493409243167
"2014-10-22",0.343173014179618
"2014-10-23",0.343000004264213
"2014-10-24",0.342987465214916
"2014-10-25",0.282890893893107
"2014-10-26",0.231996641314427
"2014-10-27",0.231999999910754
"2014-10-28",0.231999999999998
"2014-10-29",0.232
"2014-10-30",0.232
"2014-10-31",0.231999999999991
"2014-11-01",0.231999999666929
"2014-11-02",0.231987465214794
"2014-11-03",0.171890893893107
"2014-11-04",0.120996641314427
"2014-11-05",0.120999999910754
"2014-11-06",0.120999999999998
"2014-11-07",0.121
"2014-11-08",0.121
"2014-11-09",0.121
"2014-11-10",0.121
"2014-11-11",0.121
"2014-11-12",0.121
"2014-11-13",0.121
"2014-11-14",0.121
"2014-11-15",0.120999999999992
"2014-11-16",0.120999999697247
"2014-11-17",0.120988606203057
"2014-11-18",0.074539179479415
"2014-11-19",0.0279085887674557
"2014-11-20",0.108748828282923
"2014-11-21",0.0748283441029927
"2014-11-22",0.00911147707712424
"2014-11-23",0.00999997639042027
"2014-11-24",0.00999999999937265
"2014-11-25",0.00999999999999998
"2014-11-26",0.01
"2014-11-27",0.01
"2014-11-28",0.01
"2014-11-29",0.01
"2014-11-30",0.01
"2014-12-01",0.0100000000000447
"2014-12-02",0.0100000016825536
"2014-12-03",0.0100633212213639
"2014-12-04",-0.0460802679849857
"2014-12-05",-0.0926464459523221
"2014-12-06",-0.148266701703826
"2014-12-07",-0.244961031387984
"2014-12-08",-0.511327442571083
"2014-12-09",-1.02034602206373
"2014-12-10",-1.40875579271915
"2014-12-11",-1.3572682815258
"2014-12-12",-0.796945593708092
"2014-12-13",-0.586455328804566
"2014-12-14",-0.460509748436685
"2014-12-15",-0.40433400406829
"2014-12-16",-0.399843802034027
"2014-12-17",-0.52954785561162
"2014-12-18",-0.756223730134409
"2014-12-19",-0.906409244961505
"2014-12-20",-1.12330115112708
"2014-12-21",-1.1948344936468
"2014-12-22",-1.05269941910002
"2014-12-23",-1.01517336091997
"2014-12-24",-0.935204331884924
"2014-12-25",-0.708625018519336
"2014-12-26",-0.487506513684779
"2014-12-27",-0.349163772235359
"2014-12-28",-0.221675569592921
"2014-12-29",-0.213000065525848
"2014-12-30",-0.213012652393799
"2014-12-31",-0.273826789387257
"2015-01-01",-0.413490258765476
"2015-01-02",-0.483682701665602
"2015-01-03",-0.567998668929829
"2015-01-04",-0.661834914626548
"2015-01-05",-0.72265060880886
"2015-01-06",-0.773399220217458
"2015-01-07",-0.845450277243382
"2015-01-08",-0.877362335005704
"2015-01-09",-0.887179216326233
"2015-01-10",-0.977070441986329
"2015-01-11",-1.00100116383267
"2015-01-12",-1.03390979243958
"2015-01-13",-1.11404417388548
"2015-01-14",-1.16151632472322
"2015-01-15",-1.22798712643732
"2015-01-16",-1.2280000174393
"2015-01-17",-1.2286691840086
"2015-01-18",-1.12307096219018
"2015-01-19",-1.18975521449355
"2015-01-20",-1.22800462140302
"2015-01-21",-1.22800000012217
"2015-01-22",-1.22799997639478
"2015-01-23",-1.22711164108279
"2015-01-24",-1.30313942203537
"2015-01-25",-1.28093890474192
"2015-01-26",-1.2279349685631
"2015-01-27",-1.22307077681381
"2015-01-28",-1.12842964217937
"2015-01-29",-1.11399966819832
"2015-01-30",-1.11399999998237
"2015-01-31",-1.11399966819832
"2015-02-01",-1.12842964217941
"2015-02-02",-1.21832077853944
"2015-02-03",-1.22799991109401
"2015-02-04",-1.22799999999764
"2015-02-05",-1.22799999999348
"2015-02-06",-1.22799975451231
"2015-02-07",-1.24701131629849
"2015-02-08",-1.34082226724521
"2015-02-09",-1.34099974544473
"2015-02-10",-1.36034779977264
"2015-02-11",-1.45581912026286
"2015-02-12",-1.45595195040187
"2015-02-13",-1.53204897028157
"2015-02-14",-1.56999562625889
"2015-02-15",-1.617516323458
"2015-02-16",-1.68398805882479
"2015-02-17",-1.7174922662941
"2015-02-18",-1.79904498651812
"2015-02-19",-1.84693313460051
"2015-02-20",-1.91398701339255
"2015-02-21",-1.91399554741616
"2015-02-22",-1.9285000017654
"2015-02-23",-1.94307089156894
"2015-02-24",-1.91393330383498
"2015-02-25",-1.93333007845014
"2015-02-26",-1.98651686669412
"2015-02-27",-2.02998664373185
"2015-02-28",-2.03000000445135
"2015-03-01",-2.0301808784605
"2015-03-02",-2.12086053356065
"2015-03-03",-2.14500025423931
"2015-03-04",-2.14516584193044
"2015-03-05",-2.22218384482519
"2015-03-06",-2.26098364263717
"2015-03-07",-2.26100094006105
"2015-03-08",-2.29478350383012
"2015-03-09",-2.37704886943384
"2015-03-10",-2.37631321373559
"2015-03-11",-2.48493685582792
"2015-03-12",-2.49331901433476
"2015-03-13",-2.6010152851387
"2015-03-14",-2.64407467340805
"2015-03-15",-2.72704930912671
"2015-03-16",-2.72700000131023
"2015-03-17",-2.72700000000003
"2015-03-18",-2.72700000000675
"2015-03-19",-2.72700025417752
"2015-03-20",-2.7073157167511
"2015-03-21",-2.61018395664831
"2015-03-22",-2.60584767476014
"2015-03-23",-2.49331907752651
"2015-03-24",-2.49381595773219
"2015-03-25",-2.40155921572207
"2015-03-26",-2.37284741569291
"2015-03-27",-2.26031908240946
"2015-03-28",-2.26099998190685
"2015-03-29",-2.26099999999952
"2015-03-30",-2.261
"2015-03-31",-2.261
"2015-04-01",-2.261
"2015-04-02",-2.26100000012723
"2015-04-03",-2.26100478809617
"2015-04-04",-2.23175076686693
"2015-04-05",-2.15491103739869
"2015-04-06",-2.14567513971747
"2015-04-07",-2.03890820084929
"2015-04-08",-2.03000006694244
"2015-04-09",-2.03000000000178
"2015-04-10",-2.03
"2015-04-11",-2.02999999999632
"2015-04-12",-2.02999986155185
"2015-04-13",-2.01998408685459
"2015-04-14",-0.870235935088704
"2015-04-15",-0.235947041449194
"2015-04-16",-0.212999741642819
"2015-04-17",-0.212996611073264
"2015-04-18",-0.259683611812344
"2015-04-19",-0.35760589024222
"2015-04-20",-0.436389763904083
"2015-04-21",-0.540324431570794
"2015-04-22",-0.53015686024258
"2015-04-23",-0.437176159890242
"2015-04-24",-0.437000004680871
"2015-04-25",-0.437000000000124
"2015-04-26",-0.436999999998301
"2015-04-27",-0.436999936058576
"2015-04-28",-0.433038072882067
"2015-04-29",-0.25027935210843
"2015-04-30",-0.110599175782046
"2015-05-01",-0.0979909183056782
"2015-05-02",0.0106574376653867
"2015-05-03",0.0100000174692476
"2015-05-04",0.0100000000004642
"2015-05-05",0.01
"2015-05-06",0.01
"2015-05-07",0.01
"2015-05-08",0.01
"2015-05-09",0.01
"2015-05-10",0.01
"2015-05-11",0.01
"2015-05-12",0.01
"2015-05-13",0.01
"2015-05-14",0.01
"2015-05-15",0.01
"2015-05-16",0.01
"2015-05-17",0.01
"2015-05-18",0.01
"2015-05-19",0.01
"2015-05-20",0.0100000000000008
"2015-05-21",0.0100000000303218
"2015-05-22",0.0100011411301946
"2015-05-23",0.0236536270484164
"2015-05-24",0.0238908656383461
"2015-05-25",0.0368921398010547
"2015-05-26",0.0432317405890089
"2015-05-27",0.0480165202942598
"2015-05-28",0.0377013469191098
"2015-05-29",0.0695984334834135
"2015-05-30",0.102327701197232
"2015-05-31",0.0659834231329138
"2015-06-01",0.0501934828803794
"2015-06-02",0.112634630397786
"2015-06-03",0.120778574071216
"2015-06-04",0.107346965763932
"2015-06-05",0.237847652429491
"2015-06-06",0.752649010148858
"2015-06-07",1.43620862302604
"2015-06-08",2.49485050754704
"2015-06-09",2.27626462443465
"2015-06-10",2.15563657737129
"2015-06-11",1.52921594451519
"2015-06-12",1.10028875173793
"2015-06-13",1.37101418306715
"2015-06-14",2.74176846410096
"2015-06-15",4.30475268147163
"2015-06-16",3.84649326126715
"2015-06-17",4.06315573531127
"2015-06-18",4.4713522209808
"2015-06-19",4.14756476724115
"2015-06-20",4.08119535460624
"2015-06-21",5.31931326188938
"2015-06-22",6.49139425706234
"2015-06-23",8.53630979983493
"2015-06-24",10.7606960641089
"2015-06-25",10.4837279853063
"2015-06-26",10.4175668408322
"2015-06-27",10.3595654490696
"2015-06-28",10.0371406679176
"2015-06-29",10.0954281833103
"2015-06-30",10.1010961439925
"2015-07-01",9.10761872046833
"2015-07-02",7.77507996105131
"2015-07-03",6.99024659558282
"2015-07-04",6.33332598064565
"2015-07-05",8.04677846744232
"2015-07-06",8.85480941018959
"2015-07-07",9.30488405205434
"2015-07-08",8.08392504716038
"2015-07-09",4.92789633721939
"2015-07-10",6.77638542287322
"2015-07-11",9.14187196254914
"2015-07-12",10.8110114849311
"2015-07-13",10.2658519334202
"2015-07-14",8.69063696380978
"2015-07-15",8.8709079725803
"2015-07-16",9.94953090104153
"2015-07-17",9.67766071329281
"2015-07-18",10.3412253827209
"2015-07-19",11.17492038301
"2015-07-20",11.0861215934692
"2015-07-21",10.8339476799602
"2015-07-22",10.6783938064942
"2015-07-23",11.9943853665289
"2015-07-24",11.8029623636903
"2015-07-25",12.2484041990424
"2015-07-26",13.6572755083097
"2015-07-27",12.1472913957658
"2015-07-28",12.645770916148
"2015-07-29",11.6750330023159
"2015-07-30",15.0284536883213
"2015-07-31",15.3826982796508
"2015-08-01",14.1028110238216
"2015-08-02",11.2525111130297
"2015-08-03",9.43193062378414
"2015-08-04",8.61663993488776
"2015-08-05",7.45680949779645
"2015-08-06",8.4493751368942
"2015-08-07",10.8206062675809
"2015-08-08",12.4748295590685
"2015-08-09",14.2307836044899
"2015-08-10",14.8944529265662
"2015-08-11",12.4568353422082
"2015-08-12",13.3134824050845
"2015-08-13",13.896830941129
"2015-08-14",15.2244754873974
"2015-08-15",14.4565089950794
"2015-08-16",13.8386703304111
"2015-08-17",10.784566806667
"2015-08-18",11.2415178861865
"2015-08-19",11.2073119371099
"2015-08-20",9.08228441711522
"2015-08-21",7.87263622149703
"2015-08-22",8.62788651308903
"2015-08-23",9.23068903756094
"2015-08-24",9.32976972213508
"2015-08-25",10.9682560161077
"2015-08-26",11.8107793652424
"2015-08-27",13.0744310727154
"2015-08-28",12.0711278743311
"2015-08-29",10.6475470592829
"2015-08-30",9.98109562372218
"2015-08-31",9.73212832335023
"2015-09-01",7.937280894396
"2015-09-02",6.29010693125183
"2015-09-03",5.80012261475685
"2015-09-04",5.81965460576698
"2015-09-05",5.64907470861979
"2015-09-06",5.60758236903643
"2015-09-07",6.20280160852566
"2015-09-08",6.32041677456846
"2015-09-09",7.49124527881773
"2015-09-10",8.04358680745585
"2015-09-11",7.52049984786066
"2015-09-12",8.39807646963238
"2015-09-13",9.82649718616138
"2015-09-14",10.2269441942297
"2015-09-15",10.8455445657583
"2015-09-16",8.34572966630114
"2015-09-17",6.90274478896851
"2015-09-18",6.12274170780119
"2015-09-19",4.93168660111092
"2015-09-20",4.12854061182304
"2015-09-21",3.9932265249634
"2015-09-22",6.67305541622633
"2015-09-23",6.63497440331376
"2015-09-24",4.3725555604023
"2015-09-25",3.2614441101436
"2015-09-26",1.92696058386251
"2015-09-27",1.95786341601482
"2015-09-28",4.77315716233038
"2015-09-29",4.64945039203881
"2015-09-30",3.75679960413614
"2015-10-01",3.9554627785444
"2015-10-02",3.19049146900046
"2015-10-03",4.41828714044419
"2015-10-04",5.46472422969193
"2015-10-05",4.13987308569973
"2015-10-06",3.32516354963574
"2015-10-07",2.77629279454542
"2015-10-08",3.28082470590207
"2015-10-09",2.42061967935571
"2015-10-10",1.48838261141828
"2015-10-11",0.49166176945265
"2015-10-12",0.265773969609028
"2015-10-13",-0.0369922810624143
"2015-10-14",0.265095527492428
"2015-10-15",0.334448931087867
"2015-10-16",0.193935366627334
"2015-10-17",0.0199998330973135
"2015-10-18",-0.152869360109025
"2015-10-19",-0.302498176125897
"2015-10-20",-0.33394929522303
"2015-10-21",-0.147611580716837
"2015-10-22",-0.274071068901462
"2015-10-23",-0.511814901357536
"2015-10-24",-0.582301620599443
"2015-10-25",-0.295333071395559
"2015-10-26",-0.757451724313849
"2015-10-27",-0.94379031153587
"2015-10-28",-0.922882616612469
"2015-10-29",-1.06015883767912
"2015-10-30",-0.702925710487743
"2015-10-31",-0.624460213610204
"2015-11-01",-0.878003295933783
"2015-11-02",-1.38009284725485
"2015-11-03",-1.91100195959381
"2015-11-04",-1.74543228406552
"2015-11-05",-1.6698543397941
"2015-11-06",-2.12273597156801
"2015-11-07",-1.56411631718564
"2015-11-08",-1.02964777053627
"2015-11-09",-1.01939948921574
"2015-11-10",-1.20429881915289
"2015-11-11",-1.26073551051595
"2015-11-12",-1.22800116046761
"2015-11-13",-1.20411808311599
"2015-11-14",-1.03475827103352
"2015-11-15",-0.890903992539929
"2015-11-16",-0.801777532195447
"2015-11-17",-0.954159317561144
"2015-11-18",-1.09959067499944
"2015-11-19",-1.00816472240078
"2015-11-20",-0.0403638227622568
"2015-11-21",0.0100033320709741
"2015-11-22",0.00999909291353492
"2015-11-23",-0.0272517352088622
"2015-11-24",-0.306121387678955
"2015-11-25",-0.760913285682496
"2015-11-26",-0.90402754291586
"2015-11-27",-1.56110903199997
"2015-11-28",-2.44026885514961
"2015-11-29",-3.16524955725773
"2015-11-30",-3.79591620457612
"2015-12-01",-4.06066568284526
"2015-12-02",-4.76643366046912
"2015-12-03",-7.12819852327176
"2015-12-04",-7.91894392668581
"2015-12-05",-8.23063559287128
"2015-12-06",-8.31870819108169
"2015-12-07",-7.25851090881179
"2015-12-08",-7.65820903171892
"2015-12-09",-7.86009157882796
"2015-12-10",-7.04331024640768
"2015-12-11",-5.97491617237094
"2015-12-12",-4.98322631698386
"2015-12-13",-4.5430055316236
"2015-12-14",-5.19803413894975
"2015-12-15",-6.1948630365784
"2015-12-16",-6.84419278586239
"2015-12-17",-7.25696788622655
"2015-12-18",-7.61051524201077
"2015-12-19",-6.63834439153608
"2015-12-20",-5.55212138249805
"2015-12-21",-5.47919509573689
"2015-12-22",-6.09106991282484
"2015-12-23",-6.02490415437923
"2015-12-24",-6.16480655073951
"2015-12-25",-5.33635415409748
"2015-12-26",-4.69090097614705
"2015-12-27",-4.803121052989
"2015-12-28",-5.16222387872239
"2015-12-29",-5.41794189651979
"2015-12-30",-5.79162363580695
"2015-12-31",-6.08431528443171
"2016-01-01",-6.11999900044015
"2016-01-02",-6.11980339116917
"2016-01-03",-6.01596314914717
"2016-01-04",-6.03693494678693
"2016-01-05",-6.1295742301831
"2016-01-06",-6.36200487525091
"2016-01-07",-6.64858151809963
"2016-01-08",-6.90287506392552
"2016-01-09",-7.03692147702195
"2016-01-10",-7.09599118033777
"2016-01-11",-6.74321491028653
"2016-01-12",-6.1941230985413
"2016-01-13",-5.83246170405586
"2016-01-14",-6.19981400644977
"2016-01-15",-6.2468986932821
"2016-01-16",-5.76617841645001
"2016-01-17",-5.35166765295784
"2016-01-18",-5.0639952211612
"2016-01-19",-4.82316608316291
"2016-01-20",-4.6309340874462
"2016-01-21",-4.45876697829669
"2016-01-22",-4.30795768554288
"2016-01-23",-4.14692352012528
"2016-01-24",-4.03034037586456
"2016-01-25",-3.94594843336753
"2016-01-26",-3.91100097794317
"2016-01-27",-3.911188813106
"2016-01-28",-4.02018034215641
"2016-01-29",-4.20791901239376
"2016-01-30",-4.41309875136938
"2016-01-31",-4.67074002286802
"2016-02-01",-4.93129686368173
"2016-02-02",-5.161899997463
"2016-02-03",-5.2899993254917
"2016-02-04",-5.37107666835805
"2016-02-05",-5.47630988359581
"2016-02-06",-5.49619368761759
"2016-02-07",-5.59915213890627
"2016-02-08",-5.69284635543044
"2016-02-09",-5.83354646376887
"2016-02-10",-5.95859056658323
"2016-02-11",-6.05230855170089
"2016-02-12",-6.11998581146096
"2016-02-13",-6.1103171921144
"2016-02-14",-5.99499999962491
"2016-02-15",-5.87446035842807
"2016-02-16",-5.79710130462462
"2016-02-17",-5.74499621769836
"2016-02-18",-5.74499999989898
"2016-02-19",-5.74499998050308
"2016-02-20",-5.74426625294199
"2016-02-21",-5.86553823816818
"2016-02-22",-5.91685841267874
"2016-02-23",-5.97417284675514
"2016-02-24",-6.03662581453102
"2016-02-25",-6.19348121362017
"2016-02-26",-6.34671478923318
"2016-02-27",-6.48306345455657
"2016-02-28",-6.55744510378569
"2016-02-29",-6.62575019396233
"2016-03-01",-6.64220169687182
"2016-03-02",-6.74846543555287
"2016-03-03",-6.75399989979165
"2016-03-04",-6.75398554547007
"2016-03-05",-6.67935165431522
"2016-03-06",-6.62572850900146
"2016-03-07",-6.53631444013465
"2016-03-08",-6.49899485159684
"2016-03-09",-6.4989999998632
"2016-03-10",-6.499
"2016-03-11",-6.499
"2016-03-12",-6.49899999989789
"2016-03-13",-6.49899615717957
"2016-03-14",-6.55722651823792
"2016-03-15",-6.62598565309113
"2016-03-16",-6.62580024650619
"2016-03-17",-6.52035247194355
"2016-03-18",-6.42551776578705
"2016-03-19",-6.37299515775074
"2016-03-20",-6.33072124760944
"2016-03-21",-6.246937375806
"2016-03-22",-6.14000761330965
"2016-03-23",-6.1096374749353
"2016-03-24",-6.02619632395093
"2016-03-25",-5.98531809420451
"2016-03-26",-5.86926652418533
"2016-03-27",-5.84376143002538
"2016-03-28",-5.74519660655341
"2016-03-29",-5.74498237872869
"2016-03-30",-5.70317224657901
"2016-03-31",-5.62017870896961
"2016-04-01",-5.6200000047486
"2016-04-02",-5.62000000000013
"2016-04-03",-5.62
"2016-04-04",-5.6200000000997
"2016-04-05",-5.62000375204514
"2016-04-06",-5.56314891132662
"2016-04-07",-5.49601400282311
"2016-04-08",-5.49600000037208
"2016-04-09",-5.49600000012706
"2016-04-10",-5.49600478155388
"2016-04-11",-5.48133788739996
"2016-04-12",-5.40732740639466
"2016-04-13",-5.37199659138059
"2016-04-14",-5.37200372169614
"2016-04-15",-5.31560738784821
"2016-04-16",-5.24901389128574
"2016-04-17",-5.24905225961639
"2016-04-18",-5.16111340064704
"2016-04-19",-5.12500102438647
"2016-04-20",-5.12571613748552
"2016-04-21",-5.00736710582661
"2016-04-22",-5.0030000967202
"2016-04-23",-5.00396730655157
"2016-04-24",-4.89953133164793
"2016-04-25",-4.88000126504412
"2016-04-26",-4.87054956087628
"2016-04-27",-4.75728386390741
"2016-04-28",-4.75805139732722
"2016-04-29",-4.67153092640683
"2016-04-30",-4.63599966394299
"2016-05-01",-4.61154412635739
"2016-05-02",-4.51304055908623
"2016-05-03",-4.51405096941664
"2016-05-04",-4.42823968906912
"2016-05-05",-4.39299079107602
"2016-05-06",-3.43205277715173
"2016-05-07",-0.151377314924984
"2016-05-08",-0.101997665241616
"2016-05-09",-0.138964721369893
"2016-05-10",-0.301826369294279
"2016-05-11",-0.539881188405588
"2016-05-12",-0.749956975495333
"2016-05-13",-0.924726269634724
"2016-05-14",-0.523307791050255
"2016-05-15",-0.244959893425477
"2016-05-16",-0.212988050021045
"2016-05-17",-0.162967376358345
"2016-05-18",-0.101170486590698
"2016-05-19",-0.101999977958404
"2016-05-20",-0.101999999999414
"2016-05-21",-0.102
"2016-05-22",-0.102
"2016-05-23",-0.102
"2016-05-24",-0.102
"2016-05-25",-0.102
"2016-05-26",-0.102
"2016-05-27",-0.102
"2016-05-28",-0.102
"2016-05-29",-0.102
"2016-05-30",-0.102
"2016-05-31",-0.102
"2016-06-01",-0.102
"2016-06-02",-0.102
"2016-06-03",-0.102
"2016-06-04",-0.102
"2016-06-05",-0.102
"2016-06-06",-0.102
"2016-06-07",-0.102000000000002
"2016-06-08",-0.10200000009005
"2016-06-09",-0.102003388944002
"2016-06-10",-0.0506506295853333
"2016-06-11",0.00998735228880122
"2016-06-12",0.0099999996639286
"2016-06-13",0.00999999999999107
"2016-06-14",0.01
"2016-06-15",0.01
"2016-06-16",0.01
"2016-06-17",0.01
"2016-06-18",0.01
"2016-06-19",0.01
"2016-06-20",0.00999999999998332
"2016-06-21",0.00999999937227736
"2016-06-22",0.00997637628629147
"2016-06-23",0.43058404780964
"2016-06-24",1.92246778059618
"2016-06-25",3.64791257547374
"2016-06-26",4.96331426495332
"2016-06-27",4.18684301105541
"2016-06-28",5.28393879447046
"2016-06-29",7.12738697921588
"2016-06-30",8.30758146022195
"2016-07-01",8.69032868047832
"2016-07-02",10.7052713274837
"2016-07-03",7.01826817448158
"2016-07-04",4.6224432233775
"2016-07-05",6.92727819202239
"2016-07-06",9.82775756955296
"2016-07-07",10.371955475072
"2016-07-08",10.1611329575141
"2016-07-09",9.15486483316213
"2016-07-10",10.6724010440052
"2016-07-11",11.970983591611
"2016-07-12",12.125391199314
"2016-07-13",12.7745086154062
"2016-07-14",10.0454104428984
"2016-07-15",9.09621053441202
"2016-07-16",9.20174439700309
"2016-07-17",11.6940512798502
"2016-07-18",14.4521770404452
"2016-07-19",13.6116055007813
"2016-07-20",13.7660865867279
"2016-07-21",15.0873744175051
"2016-07-22",13.7166167997456
"2016-07-23",11.6125449877371
"2016-07-24",13.2161044757148
"2016-07-25",13.39093295296
"2016-07-26",13.5617166667964
"2016-07-27",12.7236885959816
"2016-07-28",9.59933506211189
"2016-07-29",7.40321947823223
"2016-07-30",7.62548095197352
"2016-07-31",8.45363542640987
"2016-08-01",9.17515655697957
"2016-08-02",11.4909521648587
"2016-08-03",13.3657268481536
"2016-08-04",14.7535845801773
"2016-08-05",13.505182987108
"2016-08-06",10.9177161307315
"2016-08-07",8.7005281840462
"2016-08-08",7.54455948628565
"2016-08-09",8.02822769165258
"2016-08-10",NA
"2016-08-11",NA
"2016-08-12",NA
"2016-08-13",NA
"2016-08-14",NA
"2016-08-15",NA
"2016-08-16",NA
"2016-08-17",NA
"2016-08-18",NA
"2016-08-19",NA
"2016-08-20",NA
"2016-08-21",NA
"2016-08-22",NA
"2016-08-23",NA
"2016-08-24",NA
"2016-08-25",NA
"2016-08-26",NA
"2016-08-27",NA
"2016-08-28",NA
"2016-08-29",NA
"2016-08-30",NA
"2016-08-31",NA
"2016-09-01",NA
"2016-09-02",NA
"2016-09-03",NA
"2016-09-04",NA
"2016-09-05",NA
"2016-09-06",NA
"2016-09-07",NA
"2016-09-08",NA
"2016-09-09",NA
"2016-09-10",NA
"2016-09-11",NA
"2016-09-12",NA
"2016-09-13",NA
"2016-09-14",NA
"2016-09-15",NA
"2016-09-16",NA
"2016-09-17",NA
"2016-09-18",NA
"2016-09-19",NA
"2016-09-20",NA
"2016-09-21",NA
"2016-09-22",NA
"2016-09-23",NA
"2016-09-24",NA
"2016-09-25",NA
"2016-09-26",NA
"2016-09-27",NA
"2016-09-28",NA
"2016-09-29",NA
"2016-09-30",NA
"2016-10-01",NA
"2016-10-02",NA
"2016-10-03",NA
"2016-10-04",NA
"2016-10-05",NA
"2016-10-06",NA
"2016-10-07",NA
"2016-10-08",NA
"2016-10-09",NA
"2016-10-10",NA
"2016-10-11",NA
"2016-10-12",NA
"2016-10-13",NA
"2016-10-14",NA
"2016-10-15",NA
"2016-10-16",NA
"2016-10-17",NA
"2016-10-18",NA
"2016-10-19",NA
"2016-10-20",NA
"2016-10-21",NA
"2016-10-22",NA
"2016-10-23",NA
"2016-10-24",NA
"2016-10-25",NA
"2016-10-26",NA
"2016-10-27",NA
"2016-10-28",NA
"2016-10-29",NA
"2016-10-30",NA
"2016-10-31",NA
"2016-11-01",NA
"2016-11-02",NA
"2016-11-03",NA
"2016-11-04",NA
"2016-11-05",NA
"2016-11-06",NA
"2016-11-07",NA
"2016-11-08",NA
"2016-11-09",NA
"2016-11-10",NA
"2016-11-11",NA
"2016-11-12",NA
"2016-11-13",NA
"2016-11-14",NA
"2016-11-15",NA
"2016-11-16",NA
"2016-11-17",NA
"2016-11-18",NA
"2016-11-19",NA
"2016-11-20",NA
"2016-11-21",NA
"2016-11-22",NA
"2016-11-23",NA
"2016-11-24",NA
"2016-11-25",NA
"2016-11-26",NA
"2016-11-27",NA
"2016-11-28",NA
"2016-11-29",NA
"2016-11-30",NA
"2016-12-01",NA
"2016-12-02",NA
"2016-12-03",NA
"2016-12-04",NA
"2016-12-05",NA
"2016-12-06",NA
"2016-12-07",NA
"2016-12-08",NA
"2016-12-09",NA
"2016-12-10",NA
"2016-12-11",NA
"2016-12-12",NA
"2016-12-13",NA
"2016-12-14",NA
"2016-12-15",NA
"2016-12-16",NA
"2016-12-17",NA
"2016-12-18",NA
"2016-12-19",NA
"2016-12-20",NA
"2016-12-21",NA
"2016-12-22",NA
"2016-12-23",NA
"2016-12-24",NA
"2016-12-25",NA
"2016-12-26",NA
"2016-12-27",NA
"2016-12-28",NA
"2016-12-29",NA
"2016-12-30",NA
"2016-12-31",NA
"2017-01-01",NA
"2017-01-02",NA
"2017-01-03",NA
"2017-01-04",NA
"2017-01-05",NA
"2017-01-06",NA
"2017-01-07",NA
"2017-01-08",NA
"2017-01-09",NA
"2017-01-10",NA
"2017-01-11",NA
"2017-01-12",NA
"2017-01-13",NA
"2017-01-14",NA
"2017-01-15",NA
"2017-01-16",NA
"2017-01-17",NA
"2017-01-18",NA
"2017-01-19",NA
"2017-01-20",NA
"2017-01-21",NA
"2017-01-22",NA
"2017-01-23",NA
"2017-01-24",NA
"2017-01-25",NA
"2017-01-26",NA
"2017-01-27",NA
"2017-01-28",NA
"2017-01-29",NA
"2017-01-30",NA
"2017-01-31",NA
"2017-02-01",NA
"2017-02-02",NA
"2017-02-03",NA
"2017-02-04",NA
"2017-02-05",NA
"2017-02-06",NA
"2017-02-07",NA
"2017-02-08",NA
"2017-02-09",NA
"2017-02-10",NA
"2017-02-11",NA
"2017-02-12",NA
"2017-02-13",NA
"2017-02-14",NA
"2017-02-15",NA
"2017-02-16",NA
"2017-02-17",NA
"2017-02-18",NA
"2017-02-19",NA
"2017-02-20",NA
"2017-02-21",NA
"2017-02-22",NA
"2017-02-23",NA
"2017-02-24",NA
"2017-02-25",NA
"2017-02-26",NA
"2017-02-27",NA
"2017-02-28",NA
"2017-03-01",NA
"2017-03-02",NA
"2017-03-03",NA
"2017-03-04",NA
"2017-03-05",NA
"2017-03-06",NA
"2017-03-07",NA
"2017-03-08",NA
"2017-03-09",NA
"2017-03-10",NA
"2017-03-11",NA
"2017-03-12",NA
"2017-03-13",NA
"2017-03-14",NA
"2017-03-15",NA
"2017-03-16",NA
"2017-03-17",NA
"2017-03-18",NA
"2017-03-19",NA
"2017-03-20",NA
"2017-03-21",NA
"2017-03-22",NA
"2017-03-23",NA
"2017-03-24",NA
"2017-03-25",NA
"2017-03-26",NA
"2017-03-27",NA
"2017-03-28",NA
"2017-03-29",NA
"2017-03-30",NA
"2017-03-31",NA
"2017-04-01",NA
"2017-04-02",NA
"2017-04-03",NA
"2017-04-04",NA
"2017-04-05",NA
"2017-04-06",NA
"2017-04-07",NA
"2017-04-08",NA
"2017-04-09",NA
"2017-04-10",NA
"2017-04-11",NA
"2017-04-12",NA
"2017-04-13",NA
"2017-04-14",NA
"2017-04-15",NA
"2017-04-16",NA
"2017-04-17",NA
"2017-04-18",NA
"2017-04-19",NA
"2017-04-20",NA
"2017-04-21",NA
"2017-04-22",NA
"2017-04-23",NA
"2017-04-24",NA
"2017-04-25",NA
"2017-04-26",NA
"2017-04-27",NA
"2017-04-28",NA
"2017-04-29",NA
"2017-04-30",NA
"2017-05-01",NA
"2017-05-02",NA
"2017-05-03",NA
"2017-05-04",NA
"2017-05-05",NA
"2017-05-06",NA
"2017-05-07",NA
"2017-05-08",NA
"2017-05-09",NA
"2017-05-10",NA
"2017-05-11",NA
"2017-05-12",NA
"2017-05-13",NA
"2017-05-14",NA
"2017-05-15",NA
"2017-05-16",NA
"2017-05-17",NA
"2017-05-18",NA
"2017-05-19",NA
"2017-05-20",NA
"2017-05-21",NA
"2017-05-22",NA
"2017-05-23",NA
"2017-05-24",NA
"2017-05-25",NA
"2017-05-26",NA
"2017-05-27",NA
"2017-05-28",NA
"2017-05-29",NA
"2017-05-30",NA
"2017-05-31",NA
"2017-06-01",NA
"2017-06-02",NA
"2017-06-03",NA
"2017-06-04",NA
"2017-06-05",NA
"2017-06-06",NA
"2017-06-07",NA
"2017-06-08",NA
"2017-06-09",NA
"2017-06-10",NA
"2017-06-11",NA
"2017-06-12",NA
"2017-06-13",NA
"2017-06-14",NA
"2017-06-15",NA
"2017-06-16",NA
"2017-06-17",NA
"2017-06-18",NA
"2017-06-19",NA
"2017-06-20",NA
"2017-06-21",NA
"2017-06-22",NA
"2017-06-23",NA
"2017-06-24",NA
"2017-06-25",NA
"2017-06-26",NA
"2017-06-27",NA
"2017-06-28",NA
"2017-06-29",NA
"2017-06-30",NA
"2017-07-01",NA
"2017-07-02",NA
"2017-07-03",NA
"2017-07-04",NA
"2017-07-05",NA
"2017-07-06",NA
"2017-07-07",NA
"2017-07-08",NA
"2017-07-09",NA
"2017-07-10",NA
"2017-07-11",NA
"2017-07-12",NA
"2017-07-13",NA
"2017-07-14",NA
"2017-07-15",NA
"2017-07-16",NA
"2017-07-17",NA
"2017-07-18",NA
"2017-07-19",NA
"2017-07-20",NA
"2017-07-21",NA
"2017-07-22",NA
"2017-07-23",NA
"2017-07-24",NA
"2017-07-25",NA
"2017-07-26",NA
"2017-07-27",NA
"2017-07-28",NA
"2017-07-29",NA
"2017-07-30",NA
"2017-07-31",16.9576989886374
"2017-08-01",16.0114974588643
"2017-08-02",16.5943492107229
"2017-08-03",14.7726279629067
"2017-08-04",14.8772253742248
"2017-08-05",14.003765617832
"2017-08-06",11.6732448855315
"2017-08-07",8.68879407758345
"2017-08-08",8.85636037503044
"2017-08-09",9.45023535652408
"2017-08-10",11.8770733940086
"2017-08-11",11.3331501691307
"2017-08-12",11.3323604560075
"2017-08-13",10.0950038157302
"2017-08-14",8.08807676405782
"2017-08-15",10.4418601304019
"2017-08-16",13.5619319983898
"2017-08-17",14.2312594242002
"2017-08-18",13.4900481353948
"2017-08-19",14.4071383951943
"2017-08-20",9.63532120574971
"2017-08-21",7.98629048794918
"2017-08-22",9.50247604674371
"2017-08-23",9.72005102508698
"2017-08-24",7.51837270225327
"2017-08-25",8.50708629362682
"2017-08-26",9.90964910620068
"2017-08-27",9.80685037181035
"2017-08-28",12.0485177329568
"2017-08-29",12.5075652174937
"2017-08-30",9.17539145043291
"2017-08-31",7.62638724181033
"2017-09-01",8.56653252795444
"2017-09-02",8.12767907855847
"2017-09-03",10.7541486510832
"2017-09-04",10.9914932593466
"2017-09-05",8.96250400356323
"2017-09-06",7.42682814276065
"2017-09-07",7.25968384195132
"2017-09-08",5.97436814263079
"2017-09-09",5.10121401731976
"2017-09-10",8.04993716973292
"2017-09-11",6.76656623633502
"2017-09-12",8.15548732447353
"2017-09-13",8.66907578242939
"2017-09-14",7.95329035359451
"2017-09-15",6.68833499394719
"2017-09-16",5.5570747290867
"2017-09-17",4.40383165763173
"2017-09-18",4.85710549191313
"2017-09-19",6.00795743683765
"2017-09-20",7.12597576205911
"2017-09-21",6.94609881313932
"2017-09-22",6.47209043210027
"2017-09-23",4.29244196677119
"2017-09-24",3.0729997055013
"2017-09-25",2.67924696125662
"2017-09-26",1.99328341012656
"2017-09-27",1.90607079756732
"2017-09-28",1.39911786105303
"2017-09-29",1.27302109925167
"2017-09-30",1.56366908050917
"2017-10-01",2.01954844285754
"2017-10-02",1.16565670708551
"2017-10-03",2.21975071470535
"2017-10-04",2.71583324857119
"2017-10-05",1.21548017313434
"2017-10-06",1.24749006723928
"2017-10-07",0.489520278192825
"2017-10-08",0.20371087361834
"2017-10-09",0.36396737055272
"2017-10-10",0.588629121727792
"2017-10-11",0.666164682125473
"2017-10-12",0.670987938993918
"2017-10-13",0.171297156977373
"2017-10-14",1.19036573753601
"2017-10-15",0.681511150046896
"2017-10-16",0.476819984521939
"2017-10-17",0.246147425098213
"2017-10-18",-0.142805599197249
"2017-10-19",-0.543403941748098
"2017-10-20",-0.0530001348070637
"2017-10-21",-0.052222822001739
"2017-10-22",-0.500289763307638
"2017-10-23",-0.49760477494753
"2017-10-24",0.130700580924894
"2017-10-25",0.775800531368818
"2017-10-26",1.27354711308173
"2017-10-27",0.247944308604906
"2017-10-28",0.232000035366399
"2017-10-29",0.269024389282076
"2017-10-30",0.25047557223337
"2017-10-31",0.23200064425789
"2017-11-01",0.241248716215092
"2017-11-02",0.231902434081906
"2017-11-03",0.137285708515599
"2017-11-04",0.120993418190605
"2017-11-05",0.0631958445144851
"2017-11-06",0.00999837346528083
"2017-11-07",-0.039000650278274
"2017-11-08",-0.122785672019958
"2017-11-09",-0.214593587082564
"2017-11-10",-0.488999930570175
"2017-11-11",-0.31976300621693
"2017-11-12",-0.662549021765721
"2017-11-13",-0.880103673143445
"2017-11-14",-1.11882524076575
"2017-11-15",-1.36617317574969
"2017-11-16",-1.34060215339769
"2017-11-17",-1.31262466684379
"2017-11-18",-1.08343930015007
"2017-11-19",-0.627138539222755
"2017-11-20",-0.406292144850856
"2017-11-21",-0.257338504802922
"2017-11-22",-0.213000036688334
"2017-11-23",-0.213099092558728
"2017-11-24",-0.30856757338982
"2017-11-25",-0.32500711524472
"2017-11-26",-0.402091978032127
"2017-11-27",-0.502227125528916
"2017-11-28",-0.437007115231147
"2017-11-29",-0.437000000000975
"2017-11-30",-0.437000002637671
"2017-12-01",-0.458007111820453
"2017-12-02",-0.539159653108107
"2017-12-03",-0.646020735992895
"2017-12-04",-0.661999996440874
"2017-12-05",-0.662
"2017-12-06",-0.662
"2017-12-07",-0.662000000000005
"2017-12-08",-0.662000036670123
"2017-12-09",-0.701637971438928
"2017-12-10",-0.913386399983385
"2017-12-11",-1.18239394138512
"2017-12-12",-1.36543679348003
"2017-12-13",-1.61732909404874
"2017-12-14",-1.9921149219868
"2017-12-15",-1.84163365959344
"2017-12-16",-1.60325799597192
"2017-12-17",-1.46549910623266
"2017-12-18",-1.35787257994721
"2017-12-19",-1.34110174878033
"2017-12-20",-1.46048263207797
"2017-12-21",-1.64836751208114
"2017-12-22",-1.77267310902205
"2017-12-23",-1.79897273358618
"2017-12-24",-1.89985710728282
"2017-12-25",-2.09937838567804
"2017-12-26",-2.19575063312935
"2017-12-27",-2.26099966087527
"2017-12-28",-2.21990856207171
"2017-12-29",-2.07555621040875
"2017-12-30",-1.94058313119056
"2017-12-31",-1.82532690370721
"2018-01-01",-1.79900000270359
"2018-01-02",-1.79899998648206
"2018-01-03",-1.82069882843416
"2018-01-04",-1.91387355717709
"2018-01-05",-1.98407327132224
"2018-01-06",-2.03000071189045
"2018-01-07",-2.07037604277488
"2018-01-08",-2.14535260187083
"2018-01-09",-2.14500000004803
"2018-01-10",-2.14499802558534
"2018-01-11",-2.21508534567937
"2018-01-12",-2.26061693574655
"2018-01-13",-2.37010528939256
"2018-01-14",-2.46718773982546
"2018-01-15",-2.58549519526416
"2018-01-16",-2.77867890242344
"2018-01-17",-2.95697773800148
"2018-01-18",-3.1108621783353
"2018-01-19",-3.24905569248566
"2018-01-20",-3.31609435424546
"2018-01-21",-3.40686348466372
"2018-01-22",-3.43448630450755
"2018-01-23",-3.35239120320908
"2018-01-24",-3.31599744396741
"2018-01-25",-3.3159896882255
"2018-01-26",-3.25403390814082
"2018-01-27",-3.19699723696807
"2018-01-28",-3.19699723696807
"2018-01-29",-3.24907557480749
"2018-01-30",-3.31598968842503
"2018-01-31",-3.31806870290698
"2018-02-01",-3.4343518342509
"2018-02-02",-3.51585790736351
"2018-02-03",-3.63480283587314
"2018-02-04",-3.74658832672917
"2018-02-05",-3.91349669811616
"2018-02-06",-4.07421985326814
"2018-02-07",-4.24413097401244
"2018-02-08",-4.39905484757158
"2018-02-09",-4.5029001807457
"2018-02-10",-4.62888577929108
"2018-02-11",-4.74010094864257
"2018-02-12",-4.82154077424428
"2018-02-13",-4.91328633177002
"2018-02-14",-5.00299758254122
"2018-02-15",-5.09707059200735
"2018-02-16",-5.12499999714687
"2018-02-17",-5.12510970961859
"2018-02-18",-5.23080695645955
"2018-02-19",-5.25115636059778
"2018-02-20",-5.37240598838716
"2018-02-21",-5.42625070623759
"2018-02-22",-5.52959065842037
"2018-02-23",-5.64339998658787
"2018-02-24",-5.7450296227047
"2018-02-25",-5.7788621179579
"2018-02-26",-5.86999205968123
"2018-02-27",-5.86999999999893
"2018-02-28",-5.87000015275495
"2018-03-01",-5.81531173622514
"2018-03-02",-5.70073186468594
"2018-03-03",-5.57608546755283
"2018-03-04",-5.42148522236718
"2018-03-05",-5.22269225574118
"2018-03-06",-5.04914051096261
"2018-03-07",-4.81608186137871
"2018-03-08",-4.66433209654771
"2018-03-09",-4.51859427620954
"2018-03-10",-4.40319038998345
"2018-03-11",-4.39339953499775
"2018-03-12",-4.27916296372211
"2018-03-13",-4.27200000020319
"2018-03-14",-4.27199237729398
"2018-03-15",-4.18950763303145
"2018-03-16",-4.14987869214458
"2018-03-17",-4.02799429362484
"2018-03-18",-3.92100088571301
"2018-03-19",-3.80935328166159
"2018-03-20",-3.68959604323387
"2018-03-21",-3.60011394540223
"2018-03-22",-3.4910213266373
"2018-03-23",-3.43389545348861
"2018-03-24",-3.33331273516027
"2018-03-25",-3.31585894297279
"2018-03-26",-3.22441190362468
"2018-03-27",-3.19699998601187
"2018-03-28",-3.197
"2018-03-29",-3.19700000000025
"2018-03-30",-3.19700182561716
"2018-03-31",-3.13554234903168
"2018-04-01",-3.0789974920182
"2018-04-02",-3.07900199143513
"2018-04-03",-3.00831047025324
"2018-04-04",-2.96200003831101
"2018-04-05",-2.96199999993427
"2018-04-06",-2.96152011262705
"2018-04-07",-3.04291719681811
"2018-04-08",-3.07900019062054
"2018-04-09",-3.07900000000003
"2018-04-10",-3.079
"2018-04-11",-3.079
"2018-04-12",-3.07900000351744
"2018-04-13",-3.08870095803915
"2018-04-14",-3.08883333351792
"2018-04-15",-3.09092794595153
"2018-04-16",-3.15830467417949
"2018-04-17",-3.1968580848139
"2018-04-18",-3.19699999998056
"2018-04-19",-3.197
"2018-04-20",-3.197
"2018-04-21",-3.197
"2018-04-22",-3.197
"2018-04-23",-3.197
"2018-04-24",-3.197
"2018-04-25",-3.19699999972935
"2018-04-26",-3.19440942273471
"2018-04-27",-3.13829955495563
"2018-04-28",-3.08866601906766
"2018-04-29",-3.07900000101245
"2018-04-30",-3.05952773962202
"2018-05-01",-2.96928476263159
"2018-05-02",-2.96200000024663
"2018-05-03",-2.96200018265781
"2018-05-04",-2.95022554934711
"2018-05-05",-2.89268676835158
"2018-05-06",-2.85383130283513
"2018-05-07",-2.84396453014655
"2018-05-08",-2.84399999999514
"2018-05-09",-2.844
"2018-05-10",-2.84399999973542
"2018-05-11",-2.84145898391674
"2018-05-12",-2.73685351733527
"2018-05-13",-2.72699999901258
"2018-05-14",-2.727
"2018-05-15",-2.727
"2018-05-16",-2.727
"2018-05-17",-2.72700000006709
"2018-05-18",-2.72748984455032
"2018-05-19",-2.71676015444808
"2018-05-20",-2.72700000093451
"2018-05-21",-2.727
"2018-05-22",-2.727
"2018-05-23",-2.7269999999987
"2018-05-24",-2.72699052416463
"2018-05-25",-2.69584902972745
"2018-05-26",-2.60947294618141
"2018-05-27",-2.60999999992781
"2018-05-28",-2.60999999999999
"2018-05-29",-2.60999996201644
"2018-05-30",-2.56891867983988
"2018-05-31",-2.48198217250153
"2018-06-01",-1.90536251184031
"2018-06-02",-1.2468428052685
"2018-06-03",-0.929766949088468
"2018-06-04",-0.752653471079983
"2018-06-05",-0.65999240216736
"2018-06-06",-0.548626879581983
"2018-06-07",-0.548999954153921
"2018-06-08",-0.527909974080933
"2018-06-09",-0.437090071701701
"2018-06-10",-0.436999950878779
"2018-06-11",-0.406702288433465
"2018-06-12",-0.324966333790787
"2018-06-13",-0.257970158448777
"2018-06-14",0.0728898514667948
"2018-06-15",0.0929115536008244
"2018-06-16",0.112212154415429
"2018-06-17",0.121000172056392
"2018-06-18",0.121000000000024
"2018-06-19",0.121
"2018-06-20",0.121000000000024
"2018-06-21",0.121000171992739
"2018-06-22",0.111747432457087
"2018-06-23",0.121002395375917
"2018-06-24",0.119152224554856
"2018-06-25",0.104347774970353
"2018-06-26",0.121000000649025
"2018-06-27",0.120999999999994
"2018-06-28",0.120999953914597
"2018-06-29",0.111758344514554
"2018-06-30",0.111742343457808
"2018-07-01",0.120999358113135
"2018-07-02",0.120999999999912
"2018-07-03",0.121
"2018-07-04",0.120999999996414
"2018-07-05",0.12097382094463
"2018-07-06",0.158025198341693
"2018-07-07",0.605671274313616
"2018-07-08",2.02058140841975
"2018-07-09",4.18733242188432
"2018-07-10",5.96333894826055
"2018-07-11",5.27453525424055
"2018-07-12",8.87088578009535
"2018-07-13",11.5816449976466
"2018-07-14",11.8392957119672
"2018-07-15",11.9396058681745
"2018-07-16",10.7849045332092
"2018-07-17",11.425501664894
"2018-07-18",7.33629735159936
"2018-07-19",7.96339440291002
"2018-07-20",10.2874860781399
"2018-07-21",11.650340563664
"2018-07-22",12.6551222179759
"2018-07-23",13.33452192212
"2018-07-24",12.4995449195889
"2018-07-25",11.4175653444999
"2018-07-26",13.1469711127536
"2018-07-27",12.5422014663206
"2018-07-28",12.220599252918
"2018-07-29",12.4219140544446
"2018-07-30",13.4623818659978
"2018-07-31",11.5507823097123
"2018-08-01",11.754247974718
"2018-08-02",13.2897117704819
"2018-08-03",13.3706722028303
"2018-08-04",13.8368417576185
"2018-08-05",15.385608968382
"2018-08-06",17.0904733166369
"2018-08-07",14.8693837880519
"2018-08-08",15.534103450661
"2018-08-09",16.6727395003499
"2018-08-10",15.2922249402784
"2018-08-11",11.9468157154674
"2018-08-12",11.3496331838411
"2018-08-13",11.3527166254669
"2018-08-14",11.6276413030193
"2018-08-15",9.9311367587148
"2018-08-16",10.1917889474352
"2018-08-17",11.4183054605029
"2018-08-18",9.3850921732143
"2018-08-19",10.4892357307975
"2018-08-20",11.6500673266561
"2018-08-21",10.4890078681127
"2018-08-22",10.9536245591193
"2018-08-23",11.184413916745
"2018-08-24",10.4929404454257
"2018-08-25",9.67735090171756
"2018-08-26",9.72736701553121
"2018-08-27",6.98302271098429
"2018-08-28",7.86079650061655
"2018-08-29",7.5409398256402
"2018-08-30",7.81280997599596
"2018-08-31",8.24705791755243
"2018-09-01",10.19753974751
"2018-09-02",9.54314709570031
"2018-09-03",8.32903761588125
"2018-09-04",3.71935009053961
"2018-09-05",5.92175586294903
"2018-09-06",6.63106002199061
"2018-09-07",6.38133395375493
"2018-09-08",5.41815003537119
"2018-09-09",4.85922220546101
"2018-09-10",4.87989972865075
"2018-09-11",4.83905472566884
"2018-09-12",5.97885442588994
"2018-09-13",6.87243699419042
"2018-09-14",3.30533215841103
"2018-09-15",2.66030431314561
"2018-09-16",1.86656376355445
"2018-09-17",1.23687329517762
"2018-09-18",2.14274917306116
"2018-09-19",1.49596402169662
"2018-09-20",1.68053502412645
"2018-09-21",2.25141173094445
"2018-09-22",0.959964005977265
"2018-09-23",0.234183661878008
"2018-09-24",-0.191116222369416
"2018-09-25",0.236639798650235
"2018-09-26",2.31090973641607
"2018-09-27",1.11007492822429
"2018-09-28",1.99703627882549
"2018-09-29",3.45504794575678
"2018-09-30",1.03847933189405
"2018-10-01",0.953239665968486
"2018-10-02",0.300123615013235
"2018-10-03",0.249526631009523
"2018-10-04",1.20516335294535
"2018-10-05",0.516028669965525
"2018-10-06",0.231954907409668
"2018-10-07",0.162415118825172
"2018-10-08",0.0987519591259376
"2018-10-09",-0.0231575955107945
"2018-10-10",-0.371062523478159
"2018-10-11",-0.991406537067349
"2018-10-12",-1.8865812469058
"2018-10-13",-1.75480896024054
"2018-10-14",-1.49942566783937
"2018-10-15",-0.909441173210331
"2018-10-16",-2.49670081864769
"2018-10-17",-0.816084480595608
"2018-10-18",-1.04401691648404
"2018-10-19",-1.42630047985613
"2018-10-20",-2.20474198915085
"2018-10-21",-1.31294144536618
"2018-10-22",-0.905793477306741
"2018-10-23",-1.29922796095191
"2018-10-24",-1.97676120891878
"2018-10-25",-2.00873348828045
"2018-10-26",-1.18058673739041
"2018-10-27",-1.99820812896541
"2018-10-28",-3.16048596888988
"2018-10-29",-4.42632840604365
"2018-10-30",-2.56489985549977
"2018-10-31",-2.38447236130933
"2018-11-01",-2.93741788197759
"2018-11-02",-2.74022298324518
"2018-11-03",-3.25970856706385
"2018-11-04",-4.33461489760955
"2018-11-05",-4.67315362648405
"2018-11-06",-5.40681142542162
"2018-11-07",-5.80105846844031
"2018-11-08",-3.54053430160493
"2018-11-09",-3.44498702031361
"2018-11-10",-3.6182520698445
"2018-11-11",-3.47339561861084
"2018-11-12",-3.15506984166042
"2018-11-13",-4.24523376278595
"2018-11-14",-4.5945671780728
"2018-11-15",-5.04468194001505
"2018-11-16",-5.62871612598967
"2018-11-17",-6.92979522198174
"2018-11-18",-5.93569571258429
"2018-11-19",-6.69836050869232
"2018-11-20",-7.60620230327081
"2018-11-21",-8.93812078510101
"2018-11-22",-8.44663252168085
"2018-11-23",-7.45560292987259
"2018-11-24",-6.48180808128456
"2018-11-25",-4.0832003553571
"2018-11-26",-3.09554598330646
"2018-11-27",-2.965640955401
"2018-11-28",-4.02715568918892
"2018-11-29",-5.08149653577744
"2018-11-30",-5.42287453679534
"2018-12-01",-5.81282121987855
"2018-12-02",-6.24548381691313
"2018-12-03",-6.99129726659507
"2018-12-04",-6.49659722185037
"2018-12-05",-7.04952207248376
"2018-12-06",-7.2390091876667
"2018-12-07",-8.29944102068535
"2018-12-08",-9.34897439597479
"2018-12-09",-10.2634215389772
"2018-12-10",-10.5212651372635
"2018-12-11",-11.1016986789062
"2018-12-12",-10.7801362637142
"2018-12-13",-9.89710271831634
"2018-12-14",-9.24392596464005
"2018-12-15",-8.06023387846137
"2018-12-16",-7.8807032730023
"2018-12-17",-7.60953395654929
"2018-12-18",-7.03095361401454
"2018-12-19",-7.49794253334507
"2018-12-20",-8.70167962772394
"2018-12-21",-8.34282000708256
"2018-12-22",-7.51077247292318
"2018-12-23",-6.70020376180837
"2018-12-24",-6.34718275647742
"2018-12-25",-6.05761184272211
"2018-12-26",-6.05526735857175
"2018-12-27",-7.89988286861569
"2018-12-28",-10.0294017908833
"2018-12-29",-10.6473791236132
"2018-12-30",-12.6741473808884
"2018-12-31",-14.6815837871092
"2019-01-01",-15.9453883524742
"2019-01-02",-16.856076004404
"2019-01-03",-18.2404197214628
"2019-01-04",-19.233290970919
"2019-01-05",-17.5972020671086
"2019-01-06",-16.4746081498551
"2019-01-07",-17.2766734669772
"2019-01-08",-17.1199258470979
"2019-01-09",-15.9141701028221
"2019-01-10",-13.9492932026335
"2019-01-11",-11.9231622492009
"2019-01-12",-11.4374598895216
"2019-01-13",-12.0688894493162
"2019-01-14",-12.7443673413232
"2019-01-15",-13.2695227950392
"2019-01-16",-15.0805289420401
"2019-01-17",-14.826668054294
"2019-01-18",-16.5009152454815
"2019-01-19",-18.4682776176768
"2019-01-20",-19.4329900704273
"2019-01-21",-19.746977288898
"2019-01-22",-19.704341984273
"2019-01-23",-18.7795366172312
"2019-01-24",-18.0446831164346
"2019-01-25",-15.6307700603676
"2019-01-26",-14.7386298689679
"2019-01-27",-16.5812047870625
"2019-01-28",-17.036395886852
"2019-01-29",-15.5435037792953
"2019-01-30",-15.6973341113767
"2019-01-31",-13.6277771045136
"2019-02-01",-12.6805643753466
"2019-02-02",-13.3037024677521
"2019-02-03",-13.1704681174169
"2019-02-04",-12.8624283985879
"2019-02-05",-13.0807732283249
"2019-02-06",-13.3085936023508
"2019-02-07",-13.8367881963368
"2019-02-08",-14.3225540049951
"2019-02-09",-13.9862746772336
"2019-02-10",-12.8573017805765
"2019-02-11",-12.0437966498683
"2019-02-12",-11.4443610292266
"2019-02-13",-11.0641633734755
"2019-02-14",-10.8570363482789
"2019-02-15",-10.7504621983294
"2019-02-16",-10.6342244682673
"2019-02-17",-10.5752876858747
"2019-02-18",-10.3589207413291
"2019-02-19",-10.0637109377179
"2019-02-20",-9.78800933402325
"2019-02-21",-9.65703791554123
"2019-02-22",-9.52419581131143
"2019-02-23",-9.52499997863061
"2019-02-24",-9.52499997290509
"2019-02-25",-9.5239803315572
"2019-02-26",-9.54314507293129
"2019-02-27",-9.52499992022188
"2019-02-28",-9.50194977945823
"2019-03-01",-9.34861132182571
"2019-03-02",-9.19573025386968
"2019-03-03",-9.02695725417147
"2019-03-04",-8.98207323510476
"2019-03-05",-8.96504767838694
"2019-03-06",-8.98200517902518
"2019-03-07",-8.98198475512859
"2019-03-08",-8.90889433041054
"2019-03-09",-8.84699591511214
"2019-03-10",-8.84699999989146
"2019-03-11",-8.84700000000055
"2019-03-12",-8.8470000209007
"2019-03-13",-8.84778657717047
"2019-03-14",-8.72337854586779
"2019-03-15",-8.69188083331735
"2019-03-16",-8.57895807501261
"2019-03-17",-8.52456419113416
"2019-03-18",-8.44251940149418
"2019-03-19",-8.32963330750388
"2019-03-20",-8.22594464398151
"2019-03-21",-8.18200107025501
"2019-03-22",-8.181999999671
"2019-03-23",-8.18198654821566
"2019-03-24",-8.1322555485573
"2019-03-25",-8.07749452385423
"2019-03-26",-8.04948851489199
"2019-03-27",-8.17177492108911
"2019-03-28",-8.18122508590934
"2019-03-29",-8.30377485783982
"2019-03-30",-8.30927485784186
"2019-03-31",-8.18122516274744
"2019-04-01",-8.18199997941174
"2019-04-02",-8.18200001871392
"2019-04-03",-8.18270430020577
"2019-04-04",-8.07680059186297
"2019-04-05",-8.04526987092843
"2019-04-06",-7.91253581757297
"2019-04-07",-7.78157755899562
"2019-04-08",-7.65699997917659
"2019-04-09",-7.53705543943112
"2019-04-10",-7.45660201619722
"2019-04-11",-7.39672212680351
"2019-04-12",-7.31061255171449
"2019-04-13",-7.26704909645608
"2019-04-14",-7.18094458744984
"2019-04-15",-7.13805499092541
"2019-04-16",-7.05261167706603
"2019-04-17",-7.00979971219555
"2019-04-18",-6.90886820120691
"2019-04-19",-6.87741784183658
"2019-04-20",-6.75330258779036
"2019-04-21",-6.66861550521624
"2019-04-22",-6.57306516465085
"2019-04-23",-6.46231874268026
"2019-04-24",-6.35158019772781
"2019-04-25",-6.24620365688419
"2019-04-26",-6.19873187059017
"2019-04-27",-6.13051413349646
"2019-04-28",-6.11991813500764
"2019-04-29",-5.12445374419165
"2019-04-30",-3.27509632906525
"2019-05-01",-3.19183596418858
"2019-05-02",-3.20696883292561
"2019-05-03",-3.0847779139177
"2019-05-04",-2.83362687900095
"2019-05-05",-2.66450585214981
"2019-05-06",-2.47012681569026
"2019-05-07",-1.8518397240375
"2019-05-08",-0.453394833655685
"2019-05-09",0.121086592639392
"2019-05-10",0.121000002300915
"2019-05-11",0.121000000000061
"2019-05-12",0.121
"2019-05-13",0.121
"2019-05-14",0.121
"2019-05-15",0.121
"2019-05-16",0.121
"2019-05-17",0.121
"2019-05-18",0.121
"2019-05-19",0.121
"2019-05-20",0.121
"2019-05-21",0.121
"2019-05-22",0.121
"2019-05-23",0.121
"2019-05-24",0.121
"2019-05-25",0.121
"2019-05-26",0.121
"2019-05-27",0.121
"2019-05-28",0.121
"2019-05-29",0.121
"2019-05-30",0.120999999999998
"2019-05-31",0.120999999931588
"2019-06-01",0.120997425393175
"2019-06-02",0.36078780236635
"2019-06-03",2.58953182982338
"2019-06-04",0.380776326229447
"2019-06-05",3.23813226696256
"2019-06-06",5.87954187622464
"2019-06-07",6.03364312671592
"2019-06-08",3.97004172861952
"2019-06-09",6.37804951819972
"2019-06-10",7.89359564412673
"2019-06-11",8.51654654726752
"2019-06-12",6.18371977727409
"2019-06-13",5.7427319415343
"2019-06-14",8.10048736910722
"2019-06-15",6.65334759516195
"2019-06-16",9.04695062238613
"2019-06-17",6.79945861787365
"2019-06-18",8.48561887910754
"2019-06-19",9.66609049303149
"2019-06-20",11.1343430901352
"2019-06-21",11.4605692102261
"2019-06-22",8.82805066838689
"2019-06-23",5.0387431951786
"2019-06-24",5.57449557176416
"2019-06-25",7.44878513273589
"2019-06-26",9.11375925523095
"2019-06-27",10.2339845620747
"2019-06-28",10.9942637511884
"2019-06-29",11.9180693303988
"2019-06-30",11.5705692546869
"2019-07-01",8.37033100032103
"2019-07-02",6.94856071563184
"2019-07-03",7.49577997729445
"2019-07-04",12.838632561598
"2019-07-05",11.508126535551
"2019-07-06",9.52142025450654
"2019-07-07",6.02463434146503
"2019-07-08",5.38185866272744
"2019-07-09",6.49007040981214
"2019-07-10",11.3708330963554
"2019-07-11",13.1019139412461
"2019-07-12",12.2233345353687
"2019-07-13",11.3789484593582
"2019-07-14",12.7232905066566
"2019-07-15",12.0612846124944
"2019-07-16",12.9556355537942
"2019-07-17",12.1497996563311
"2019-07-18",12.5305474783753
"2019-07-19",15.6421265211898
"2019-07-20",13.668631533772
"2019-07-21",12.1724043419621
"2019-07-22",10.5878738660011
"2019-07-23",12.4862520777514
"2019-07-24",12.235056341247
"2019-07-25",12.3373860787078
"2019-07-26",10.7306158595134
"2019-07-27",12.4718708467843
"2019-07-28",10.0614847969973
"2019-07-29",9.15170157108974
"2019-07-30",10.9162888164697
"2019-07-31",10.5173535616601
"2019-08-01",10.9497756984493
"2019-08-02",8.85971243516051
"2019-08-03",7.16312024319692
"2019-08-04",7.77095059318998
"2019-08-05",8.78990664616015
"2019-08-06",9.78179877583759
"2019-08-07",9.64036211463752
"2019-08-08",10.670773492685
"2019-08-09",9.7887060352412
"2019-08-10",8.44272621899498
"2019-08-11",8.7842918442285
"2019-08-12",7.79119225405032
"2019-08-13",8.42234430767537
"2019-08-14",8.24364946764684
"2019-08-15",9.94306833574541
"2019-08-16",10.0423974733291
