Date_Time,T
2011-07-29,14.35037381
2011-07-30,15.1879918
2011-07-31,13.69398391
2011-08-01,13.04665773
2011-08-02,13.09413459
2011-08-03,13.78753076
2011-08-04,15.04035272
2011-08-05,16.01571559
2011-08-06,16.5308623
2011-08-07,15.93893413
2011-08-08,15.61356684
2011-08-09,14.20534618
2011-08-10,13.37663627
2011-08-11,13.53146002
2011-08-12,13.37350027
2011-08-13,13.0806945
2011-08-14,13.17547373
2011-08-15,12.70644554
2011-08-16,11.75113097
2011-08-17,10.56102408
2011-08-18,8.950806464
2011-08-19,8.363148283
2011-08-20,9.10240532
2011-08-21,10.25181803
2011-08-22,10.10718119
2011-08-23,10.41010107
2011-08-24,11.47691065
2011-08-25,12.64852795
2011-08-26,12.77536748
2011-08-27,12.37010526
2011-08-28,12.08033589
2011-08-29,10.47402408
2011-08-30,9.843220518
2011-08-31,9.786312976
2011-09-01,8.906454091
2011-09-02,8.866614595
2011-09-03,9.524967678
2011-09-04,7.379515386
2011-09-05,5.977120475
2011-09-06,5.639096886
2011-09-07,7.090624619
2011-09-08,7.240154249
2011-09-09,6.563607352
2011-09-10,5.461494289
2011-09-11,4.125601471
2011-09-12,3.915950865
2011-09-13,3.52692791
2011-09-14,3.082733053
2011-09-15,3.206714581
2011-09-16,3.387346757
2011-09-17,3.040798412
2011-09-18,2.706510654
2011-09-19,4.674796176
2011-09-20,5.495313619
2011-09-21,4.360641975
2011-09-22,3.544674927
2011-09-23,2.615787128
2011-09-24,3.005697097
2011-09-25,4.224586336
2011-09-26,3.633117033
2011-09-27,3.141108769
2011-09-28,3.184274187
2011-09-29,4.081160742
2011-09-30,3.294339829
2011-10-01,2.472125196
2011-10-02,1.514073256
2011-10-03,1.488991142
2011-10-04,1.011629924
2011-10-05,0.599919266
2011-10-06,0.461509343
2011-10-07,0.393257959
2011-10-08,0.259269838
2011-10-09,0.343005612
2011-10-10,0.443836761
2011-10-11,0.50867634
2011-10-12,0.38028334
2011-10-13,0.240599243
2011-10-14,0.232000065
2011-10-15,0.232
2011-10-16,0.232012535
2011-10-17,0.292109084
2011-10-18,0.342184711
2011-10-19,0.361509919
2011-10-20,0.407783776
2011-10-21,0.282903661
2011-10-22,0.218121314
2011-10-23,0.21812469
2011-10-24,0.232651895
2011-10-25,0.12959835
2011-10-26,0.121000065
2011-10-27,0.121
2011-10-28,0.120999935
2011-10-29,0.117026645
2011-10-30,0.009168818
2011-10-31,-0.035815792
2011-11-01,-0.069346655
2011-11-02,-0.13499761
2011-11-03,-0.083121826
2011-11-04,-0.050826788
2011-11-05,-0.102003702
2011-11-06,-0.087166292
2011-11-07,-0.083109967
2011-11-08,-0.060881814
2011-11-09,0.009812404
2011-11-10,-0.050650652
2011-11-11,-0.102660827
2011-11-12,0.001327576
2011-11-13,-0.036694404
2011-11-14,-0.12976908
2011-11-15,-0.098123596
2011-11-16,-0.078004036
2011-11-17,-0.237040517
2011-11-18,-0.221005725
2011-11-19,-0.335166175
2011-11-20,-0.423048294
2011-11-21,-0.436776699
2011-11-22,-0.441009211
2011-11-23,-0.553891122
2011-11-24,-0.835701938
2011-11-25,-1.280637666
2011-11-26,-1.066323078
2011-11-27,-0.96703444
2011-11-28,-1.35135731
2011-11-29,-1.476085833
2011-11-30,-1.164849649
2011-12-01,-1.308740689
2011-12-02,-1.232011265
2011-12-03,-1.437811193
2011-12-04,-1.37930193
2011-12-05,-1.298284564
2011-12-06,-1.707748824
2011-12-07,-2.199728713
2011-12-08,-2.064338135
2011-12-09,-1.448117599
2011-12-10,-2.190762644
2011-12-11,-2.674170238
2011-12-12,-2.562195609
2011-12-13,-2.40638003
2011-12-14,-2.387582355
2011-12-15,-1.78867769
2011-12-16,-1.540450684
2011-12-17,-2.1994984
2011-12-18,-3.055561275
2011-12-19,-3.443966108
2011-12-20,-3.841547374
2011-12-21,-3.90304311
2011-12-22,-2.98040162
2011-12-23,-0.467327772
2011-12-24,-2.74184543
2011-12-25,-6.76392074
2011-12-26,-6.453930584
2011-12-27,-11.22652059
2011-12-28,-13.73981302
2011-12-29,-11.54440761
2011-12-30,-8.839488992
2011-12-31,-11.14847089
2012-01-01,-12.08309005
2012-01-02,-10.9930651
2012-01-03,-7.641588923
2012-01-04,-5.885006383
2012-01-05,-5.065482361
2012-01-06,-4.271917152
2012-01-07,-3.618179087
2012-01-08,-3.466205493
2012-01-09,-4.325135168
2012-01-10,-4.791766276
2012-01-11,-6.062487775
2012-01-12,-7.561905925
2012-01-13,-7.565592944
2012-01-14,-6.8280724
2012-01-15,-6.456278233
2012-01-16,-6.477693626
2012-01-17,-6.989096594
2012-01-18,-7.674431376
2012-01-19,-7.906647815
2012-01-20,-8.194642068
2012-01-21,-8.247135694
2012-01-22,-8.127654556
2012-01-23,-8.473458133
2012-01-24,-8.787892785
2012-01-25,-8.204629938
2012-01-26,-7.395842807
2012-01-27,-7.395513421
2012-01-28,-8.053259853
2012-01-29,-7.678041475
2012-01-30,-7.031849327
2012-01-31,-6.694404749
2012-02-01,-7.170940141
2012-02-02,-7.359478057
2012-02-03,-7.629671599
2012-02-04,-7.977501146
2012-02-05,-8.659115414
2012-02-06,-9.214930681
2012-02-07,-8.968743495
2012-02-08,-9.200560094
2012-02-09,-9.984303184
2012-02-10,-11.0441209
2012-02-11,-11.19914479
2012-02-12,-11.80244119
2012-02-13,-11.44181113
2012-02-14,-10.43377129
2012-02-15,-10.21399617
2012-02-16,-10.05873182
2012-02-17,-9.49633628
2012-02-18,-8.931933717
2012-02-19,-8.540724713
2012-02-20,-7.967316834
2012-02-21,-7.742491364
2012-02-22,-8.365278342
2012-02-23,-9.156766278
2012-02-24,-10.11914838
2012-02-25,-9.861548696
2012-02-26,-9.634783083
2012-02-27,-9.266712868
2012-02-28,-9.764665435
2012-02-29,-10.72345254
2012-03-01,-11.43400839
2012-03-02,-11.42218056
2012-03-03,-11.23478841
2012-03-04,-12.39614889
2012-03-05,-12.98107397
2012-03-06,-12.98959824
2012-03-07,-12.65682943
2012-03-08,-12.26932527
2012-03-09,-11.87911501
2012-03-10,-11.94517475
2012-03-11,-12.24118605
2012-03-12,-11.5587714
2012-03-13,-11.12329954
2012-03-14,-11.20218659
2012-03-15,-10.48516707
2012-03-16,-8.698160683
2012-03-17,-7.976673561
2012-03-18,-8.226419209
2012-03-19,-7.985175726
2012-03-20,-7.994569422
2012-03-21,-8.604538913
2012-03-22,-7.816283513
2012-03-23,-6.937102188
2012-03-24,-7.550215281
2012-03-25,-8.364289279
2012-03-26,-9.039133667
2012-03-27,-7.731176337
2012-03-28,-5.072116737
2012-03-29,-7.096084861
2012-03-30,-7.538254529
2012-03-31,-7.102457758
2012-04-01,-4.360590865
2012-04-02,-3.014698118
2012-04-03,-2.581849918
2012-04-04,-1.90874128
2012-04-05,-1.561601554
2012-04-06,-1.303428662
2012-04-07,-1.089937467
2012-04-08,-0.93442821
2012-04-09,-0.728171226
2012-04-10,-0.558423366
2012-04-11,-0.445663231
2012-04-12,-0.376349453
2012-04-13,-0.325655181
2012-04-14,-0.234734844
2012-04-15,-0.748762473
2012-04-16,-1.377549325
2012-04-17,-2.380829043
2012-04-18,-3.450547527
2012-04-19,-3.773416842
2012-04-20,-3.616078126
2012-04-21,-3.588722599
2012-04-22,-3.409469438
2012-04-23,-3.257357485
2012-04-24,-3.034189314
2012-04-25,-2.582202737
2012-04-26,-2.044353715
2012-04-27,-1.416348668
2012-04-28,-1.07196043
2012-04-29,-1.11381423
2012-04-30,-1.147494847
2012-05-01,-1.227759776
2012-05-02,-1.227999071
2012-05-03,-1.194846841
2012-05-04,-1.01939396
2012-05-05,-0.840738144
2012-05-06,-0.670675818
2012-05-07,-0.60080793
2012-05-08,-0.549654018
2012-05-09,-0.445675813
2012-05-10,-0.437000065
2012-05-11,-0.43700308
2012-05-12,-0.405151224
2012-05-13,-0.324179293
2012-05-14,-0.306156904
2012-05-15,-0.21317616
2012-05-16,-0.212999998
2012-05-17,-0.212765792
2012-05-18,-0.153939891
2012-05-19,-0.101169345
2012-05-20,-0.101999978
2012-05-21,-0.102
2012-05-22,-0.102
2012-05-23,-0.102
2012-05-24,-0.102
2012-05-25,-0.102
2012-05-26,-0.102
2012-05-27,-0.102
2012-05-28,-0.102003373
2012-05-29,-0.054707038
2012-05-30,-0.017788459
2012-05-31,-0.004834771
2012-06-01,0.010000308
2012-06-02,0.01
2012-06-03,0.01
2012-06-04,0.01
2012-06-05,0.01
2012-06-06,0.01
2012-06-07,0.01
2012-06-08,0.0100009
2012-06-09,0.042333242
2012-06-10,0.436571765
2012-06-11,0.629495092
2012-06-12,1.494849031
2012-06-13,3.272880663
2012-06-14,2.981672157
2012-06-15,3.216909977
2012-06-16,4.208408286
2012-06-17,5.773766331
2012-06-18,6.655311295
2012-06-19,8.349831888
2012-06-20,8.563087342
2012-06-21,5.462902394
2012-06-22,5.610930172
2012-06-23,6.3047233
2012-06-24,5.802968062
2012-06-25,6.154014387
2012-06-26,7.262498762
2012-06-27,8.243661212
2012-06-28,7.438632214
2012-06-29,6.017514042
2012-06-30,5.723356608
2012-07-01,7.481543109
2012-07-02,10.47638209
2012-07-03,13.65252773
2012-07-04,14.6051945
2012-07-05,14.28663479
2012-07-06,14.30336385
2012-07-07,15.67132075
2012-07-08,13.18805062
2012-07-09,10.57817437
2012-07-10,10.70476141
2012-07-11,10.13752084
2012-07-12,10.00391721
2012-07-13,9.65733508
2012-07-14,10.23347562
2012-07-15,11.49444396
2012-07-16,11.62499867
2012-07-17,8.712707241
2012-07-18,8.213848474
2012-07-19,9.023198163
2012-07-20,10.7250468
2012-07-21,12.1490173
2012-07-22,13.40318965
2012-07-23,14.61282054
2012-07-24,14.26212529
2012-07-25,12.06508847
2012-07-26,NA
2012-07-27,NA
2012-07-28,NA
2012-07-29,NA
2012-07-30,NA
2012-07-31,NA
2012-08-01,NA
2012-08-02,NA
2012-08-03,NA
2012-08-04,NA
2012-08-05,NA
2012-08-06,NA
2012-08-07,NA
2012-08-08,NA
2012-08-09,NA
2012-08-10,NA
2012-08-11,NA
2012-08-12,NA
2012-08-13,NA
2012-08-14,NA
2012-08-15,NA
2012-08-16,NA
2012-08-17,NA
2012-08-18,NA
2012-08-19,NA
2012-08-20,NA
2012-08-21,NA
2012-08-22,NA
2012-08-23,NA
2012-08-24,NA
2012-08-25,NA
2012-08-26,NA
2012-08-27,NA
2012-08-28,NA
2012-08-29,NA
2012-08-30,NA
2012-08-31,NA
2012-09-01,NA
2012-09-02,NA
2012-09-03,NA
2012-09-04,NA
2012-09-05,NA
2012-09-06,NA
2012-09-07,NA
2012-09-08,NA
2012-09-09,NA
2012-09-10,NA
2012-09-11,NA
2012-09-12,NA
2012-09-13,NA
2012-09-14,NA
2012-09-15,NA
2012-09-16,NA
2012-09-17,NA
2012-09-18,NA
2012-09-19,NA
2012-09-20,NA
2012-09-21,NA
2012-09-22,NA
2012-09-23,NA
2012-09-24,NA
2012-09-25,NA
2012-09-26,NA
2012-09-27,NA
2012-09-28,NA
2012-09-29,NA
2012-09-30,NA
2012-10-01,NA
2012-10-02,NA
2012-10-03,NA
2012-10-04,NA
2012-10-05,NA
2012-10-06,NA
2012-10-07,NA
2012-10-08,NA
2012-10-09,NA
2012-10-10,NA
2012-10-11,NA
2012-10-12,NA
2012-10-13,NA
2012-10-14,NA
2012-10-15,NA
2012-10-16,NA
2012-10-17,NA
2012-10-18,NA
2012-10-19,NA
2012-10-20,NA
2012-10-21,NA
2012-10-22,NA
2012-10-23,NA
2012-10-24,NA
2012-10-25,NA
2012-10-26,NA
2012-10-27,NA
2012-10-28,NA
2012-10-29,NA
2012-10-30,NA
2012-10-31,NA
2012-11-01,NA
2012-11-02,NA
2012-11-03,NA
2012-11-04,NA
2012-11-05,NA
2012-11-06,NA
2012-11-07,NA
2012-11-08,NA
2012-11-09,NA
2012-11-10,NA
2012-11-11,NA
2012-11-12,NA
2012-11-13,NA
2012-11-14,NA
2012-11-15,NA
2012-11-16,NA
2012-11-17,NA
2012-11-18,NA
2012-11-19,NA
2012-11-20,NA
2012-11-21,NA
2012-11-22,NA
2012-11-23,NA
2012-11-24,NA
2012-11-25,NA
2012-11-26,NA
2012-11-27,NA
2012-11-28,NA
2012-11-29,NA
2012-11-30,NA
2012-12-01,NA
2012-12-02,NA
2012-12-03,NA
2012-12-04,NA
2012-12-05,NA
2012-12-06,NA
2012-12-07,NA
2012-12-08,NA
2012-12-09,NA
2012-12-10,NA
2012-12-11,NA
2012-12-12,NA
2012-12-13,NA
2012-12-14,NA
2012-12-15,NA
2012-12-16,NA
2012-12-17,NA
2012-12-18,NA
2012-12-19,NA
2012-12-20,NA
2012-12-21,NA
2012-12-22,NA
2012-12-23,NA
2012-12-24,NA
2012-12-25,NA
2012-12-26,NA
2012-12-27,NA
2012-12-28,NA
2012-12-29,NA
2012-12-30,NA
2012-12-31,NA
2013-01-01,NA
2013-01-02,NA
2013-01-03,NA
2013-01-04,NA
2013-01-05,NA
2013-01-06,NA
2013-01-07,NA
2013-01-08,NA
2013-01-09,NA
2013-01-10,NA
2013-01-11,NA
2013-01-12,NA
2013-01-13,NA
2013-01-14,NA
2013-01-15,NA
2013-01-16,NA
2013-01-17,NA
2013-01-18,NA
2013-01-19,NA
2013-01-20,NA
2013-01-21,NA
2013-01-22,NA
2013-01-23,NA
2013-01-24,NA
2013-01-25,NA
2013-01-26,NA
2013-01-27,NA
2013-01-28,NA
2013-01-29,NA
2013-01-30,NA
2013-01-31,NA
2013-02-01,NA
2013-02-02,NA
2013-02-03,NA
2013-02-04,NA
2013-02-05,NA
2013-02-06,NA
2013-02-07,NA
2013-02-08,NA
2013-02-09,NA
2013-02-10,NA
2013-02-11,NA
2013-02-12,NA
2013-02-13,NA
2013-02-14,NA
2013-02-15,NA
2013-02-16,NA
2013-02-17,NA
2013-02-18,NA
2013-02-19,NA
2013-02-20,NA
2013-02-21,NA
2013-02-22,NA
2013-02-23,NA
2013-02-24,NA
2013-02-25,NA
2013-02-26,NA
2013-02-27,NA
2013-02-28,NA
2013-03-01,NA
2013-03-02,NA
2013-03-03,NA
2013-03-04,NA
2013-03-05,NA
2013-03-06,NA
2013-03-07,NA
2013-03-08,NA
2013-03-09,NA
2013-03-10,NA
2013-03-11,NA
2013-03-12,NA
2013-03-13,NA
2013-03-14,NA
2013-03-15,NA
2013-03-16,NA
2013-03-17,NA
2013-03-18,NA
2013-03-19,NA
2013-03-20,NA
2013-03-21,NA
2013-03-22,NA
2013-03-23,NA
2013-03-24,NA
2013-03-25,NA
2013-03-26,NA
2013-03-27,NA
2013-03-28,NA
2013-03-29,NA
2013-03-30,NA
2013-03-31,NA
2013-04-01,NA
2013-04-02,NA
2013-04-03,NA
2013-04-04,NA
2013-04-05,NA
2013-04-06,NA
2013-04-07,NA
2013-04-08,NA
2013-04-09,NA
2013-04-10,NA
2013-04-11,NA
2013-04-12,NA
2013-04-13,NA
2013-04-14,NA
2013-04-15,NA
2013-04-16,NA
2013-04-17,NA
2013-04-18,NA
2013-04-19,NA
2013-04-20,NA
2013-04-21,NA
2013-04-22,NA
2013-04-23,NA
2013-04-24,NA
2013-04-25,NA
2013-04-26,NA
2013-04-27,NA
2013-04-28,NA
2013-04-29,NA
2013-04-30,NA
2013-05-01,NA
2013-05-02,NA
2013-05-03,NA
2013-05-04,NA
2013-05-05,NA
2013-05-06,NA
2013-05-07,NA
2013-05-08,NA
2013-05-09,NA
2013-05-10,NA
2013-05-11,NA
2013-05-12,NA
2013-05-13,NA
2013-05-14,NA
2013-05-15,NA
2013-05-16,NA
2013-05-17,NA
2013-05-18,NA
2013-05-19,NA
2013-05-20,NA
2013-05-21,NA
2013-05-22,NA
2013-05-23,NA
2013-05-24,NA
2013-05-25,NA
2013-05-26,NA
2013-05-27,NA
2013-05-28,NA
2013-05-29,NA
2013-05-30,NA
2013-05-31,NA
2013-06-01,NA
2013-06-02,NA
2013-06-03,NA
2013-06-04,NA
2013-06-05,NA
2013-06-06,NA
2013-06-07,NA
2013-06-08,NA
2013-06-09,NA
2013-06-10,NA
2013-06-11,NA
2013-06-12,NA
2013-06-13,NA
2013-06-14,NA
2013-06-15,NA
2013-06-16,NA
2013-06-17,NA
2013-06-18,NA
2013-06-19,NA
2013-06-20,NA
2013-06-21,NA
2013-06-22,NA
2013-06-23,NA
2013-06-24,NA
2013-06-25,NA
2013-06-26,NA
2013-06-27,NA
2013-06-28,NA
2013-06-29,NA
2013-06-30,NA
2013-07-01,NA
2013-07-02,NA
2013-07-03,NA
2013-07-04,NA
2013-07-05,NA
2013-07-06,NA
2013-07-07,NA
2013-07-08,NA
2013-07-09,NA
2013-07-10,NA
2013-07-11,NA
2013-07-12,NA
2013-07-13,NA
2013-07-14,NA
2013-07-15,NA
2013-07-16,NA
2013-07-17,NA
2013-07-18,NA
2013-07-19,NA
2013-07-20,NA
2013-07-21,NA
2013-07-22,NA
2013-07-23,NA
2013-07-24,NA
2013-07-25,NA
2013-07-26,NA
2013-07-27,NA
2013-07-28,NA
2013-07-29,NA
2013-07-30,NA
2013-07-31,NA
2013-08-01,NA
2013-08-02,NA
2013-08-03,NA
2013-08-04,NA
2013-08-05,NA
2013-08-06,NA
2013-08-07,12.66425872
2013-08-08,12.10110659
2013-08-09,12.72276485
2013-08-10,12.80645055
2013-08-11,10.25760002
2013-08-12,8.389963009
2013-08-13,8.875548816
2013-08-14,9.877176919
2013-08-15,10.96974129
2013-08-16,11.73585215
2013-08-17,12.43945551
2013-08-18,11.88222711
2013-08-19,9.691505849
2013-08-20,9.61512822
2013-08-21,11.2490073
2013-08-22,11.19005165
2013-08-23,10.45240791
2013-08-24,8.806572104
2013-08-25,9.129897324
2013-08-26,9.811466997
2013-08-27,8.705438248
2013-08-28,6.910629137
2013-08-29,7.009109696
2013-08-30,8.196948559
2013-08-31,6.526186398
2013-09-01,5.662669569
2013-09-02,6.036098761
2013-09-03,6.376340714
2013-09-04,8.193234933
2013-09-05,8.116877982
2013-09-06,6.059671543
2013-09-07,5.680334189
2013-09-08,4.950460951
2013-09-09,4.013175023
2013-09-10,3.206257592
2013-09-11,2.803629723
2013-09-12,2.458104534
2013-09-13,2.691706282
2013-09-14,2.094133909
2013-09-15,2.985175407
2013-09-16,3.364526393
2013-09-17,2.243322727
2013-09-18,1.472839217
2013-09-19,0.970336641
2013-09-20,0.74275846
2013-09-21,0.682784681
2013-09-22,1.011072957
2013-09-23,1.889878926
2013-09-24,1.713436172
2013-09-25,2.326030167
2013-09-26,3.212502669
2013-09-27,4.708194232
2013-09-28,5.856931218
2013-09-29,7.702052952
2013-09-30,8.104623603
2013-10-01,7.824956084
2013-10-02,7.270068519
2013-10-03,6.543552323
2013-10-04,5.739230454
2013-10-05,5.482576153
2013-10-06,5.063722081
2013-10-07,4.081788598
2013-10-08,4.64706105
2013-10-09,3.099565903
2013-10-10,1.791144373
2013-10-11,0.905029048
2013-10-12,0.466367765
2013-10-13,0.343172849
2013-10-14,0.343173019
2013-10-15,0.429910315
2013-10-16,0.434493648
2013-10-17,0.343184608
2013-10-18,0.374469059
2013-10-19,0.453550441
2013-10-20,0.646339942
2013-10-21,1.047976896
2013-10-22,1.052324426
2013-10-23,1.066916307
2013-10-24,0.956486477
2013-10-25,0.816364719
2013-10-26,0.627135647
2013-10-27,0.489458918
2013-10-28,0.36609084
2013-10-29,0.343872696
2013-10-30,0.254250836
2013-10-31,0.232001206
2013-11-01,0.232
2013-11-02,0.232
2013-11-03,0.232
2013-11-04,0.232
2013-11-05,0.232
2013-11-06,0.232
2013-11-07,0.232
2013-11-08,0.232
2013-11-09,0.232
2013-11-10,0.23199886
2013-11-11,0.218394295
2013-11-12,0.157730951
2013-11-13,0.121000894
2013-11-14,0.120984348
2013-11-15,0.088482855
2013-11-16,0.042486011
2013-11-17,0.121000004
2013-11-18,0.195047683
2013-11-19,0.231999112
2013-11-20,0.232451508
2013-11-21,-0.181534329
2013-11-22,-0.32006973
2013-11-23,-0.125088206
2013-11-24,-0.013497047
2013-11-25,0.065471914
2013-11-26,0.052301708
2013-11-27,-0.097288443
2013-11-28,-0.153529749
2013-11-29,-0.041359577
2013-11-30,-0.08297117
2013-12-01,-0.259732855
2013-12-02,-0.324326532
2013-12-03,-0.475197207
2013-12-04,-0.69495681
2013-12-05,-0.590008592
2013-12-06,-0.610911581
2013-12-07,-0.418238259
2013-12-08,-0.399186835
2013-12-09,-0.651661244
2013-12-10,-1.173096939
2013-12-11,-1.150620114
2013-12-12,-1.24745251
2013-12-13,-1.227244932
2013-12-14,-1.445697774
2013-12-15,-2.026697572
2013-12-16,-2.45396869
2013-12-17,-2.805370813
2013-12-18,-2.737065218
2013-12-19,-2.927187827
2013-12-20,-3.093808625
2013-12-21,-3.623088987
2013-12-22,-4.12147301
2013-12-23,-4.565171375
2013-12-24,-4.936971893
2013-12-25,-4.892073777
2013-12-26,-4.321297741
2013-12-27,-4.444566055
2013-12-28,-4.185150987
2013-12-29,-4.393624726
2013-12-30,-4.580117104
2013-12-31,-4.639562481
2014-01-01,-5.213980849
2014-01-02,-6.043100112
2014-01-03,-5.923199308
2014-01-04,-4.957786316
2014-01-05,-3.966048546
2014-01-06,-3.374364394
2014-01-07,-2.972396658
2014-01-08,-2.608423964
2014-01-09,-3.056258926
2014-01-10,-3.291011396
2014-01-11,-3.301008334
2014-01-12,-3.429424997
2014-01-13,-3.469440829
2014-01-14,-3.122616255
2014-01-15,-2.772197654
2014-01-16,-2.5031112
2014-01-17,-2.653359505
2014-01-18,-3.050578374
2014-01-19,-3.280405142
2014-01-20,-3.597545392
2014-01-21,-3.674401625
2014-01-22,-3.260014644
2014-01-23,-3.181476833
2014-01-24,-3.360180559
2014-01-25,-3.667319244
2014-01-26,-3.921830897
2014-01-27,-3.902101064
2014-01-28,-3.548022843
2014-01-29,-3.246656598
2014-01-30,-3.078308467
2014-01-31,-3.044623617
2014-02-01,-2.958022624
2014-02-02,-2.843307349
2014-02-03,-2.843999725
2014-02-04,-2.863852525
2014-02-05,-2.961814403
2014-02-06,-2.962000944
2014-02-07,-2.996074741
2014-02-08,-3.079049309
2014-02-09,-3.079000001
2014-02-10,-3.079
2014-02-11,-3.078986788
2014-02-12,-3.015638212
2014-02-13,-3.010749982
2014-02-14,-3.014941845
2014-02-15,-3.075035491
2014-02-16,-3.181365203
2014-02-17,-3.32664826
2014-02-18,-3.498443769
2014-02-19,-3.681922796
2014-02-20,-3.871435284
2014-02-21,-3.910999037
2014-02-22,-3.910999995
2014-02-23,-3.91081276
2014-02-24,-3.812687188
2014-02-25,-3.621745125
2014-02-26,-3.473692024
2014-02-27,-3.419196888
2014-02-28,-3.502719072
2014-03-01,-3.736987391
2014-03-02,-3.936730652
2014-03-03,-4.061127242
2014-03-04,-4.03098791
2014-03-05,-3.936189083
2014-03-06,-3.915291597
2014-03-07,-4.082323209
2014-03-08,-4.31760336
2014-03-09,-4.615582226
2014-03-10,-4.941188571
2014-03-11,-5.280096463
2014-03-12,-5.661451865
2014-03-13,-5.745019177
2014-03-14,-5.849143971
2014-03-15,-5.963766885
2014-03-16,-6.047125975
2014-03-17,-5.912257443
2014-03-18,-5.372486873
2014-03-19,-5.135332781
2014-03-20,-5.063297491
2014-03-21,-5.172283722
2014-03-22,-5.022946193
2014-03-23,-4.68601583
2014-03-24,-4.621202292
2014-03-25,-4.834226263
2014-03-26,-5.105303504
2014-03-27,-5.248594189
2014-03-28,-5.049856746
2014-03-29,-4.76739464
2014-03-30,-4.758001078
2014-03-31,-4.794250755
2014-04-01,-4.716647361
2014-04-02,-4.686851066
2014-04-03,-4.666923745
2014-04-04,-4.212507393
2014-04-05,-4.116054353
2014-04-06,-4.191814626
2014-04-07,-4.051791773
2014-04-08,-3.797097877
2014-04-09,-3.572890782
2014-04-10,-3.359453691
2014-04-11,-3.464460732
2014-04-12,-3.497739142
2014-04-13,-3.682588827
2014-04-14,-3.940354896
2014-04-15,-4.153410804
2014-04-16,-3.986109533
2014-04-17,-3.855760008
2014-04-18,-3.862121158
2014-04-19,-3.746278237
2014-04-20,-3.727719407
2014-04-21,-3.562040619
2014-04-22,-3.519147619
2014-04-23,-3.347153774
2014-04-24,-1.029136647
2014-04-25,-0.040655927
2014-04-26,0.00935184
2014-04-27,0.11240165
2014-04-28,0.120999935
2014-04-29,0.121
2014-04-30,0.121
2014-05-01,0.121
2014-05-02,0.121
2014-05-03,0.121
2014-05-04,0.121
2014-05-05,0.121
2014-05-06,0.121
2014-05-07,0.121
2014-05-08,0.121
2014-05-09,0.121
2014-05-10,0.121
2014-05-11,0.121
2014-05-12,0.120999998
2014-05-13,0.120940685
2014-05-14,0.134938352
2014-05-15,0.140322148
2014-05-16,0.129661024
2014-05-17,0.148496899
2014-05-18,0.134670639
2014-05-19,0.134044663
2014-05-20,0.168151364
2014-05-21,0.190301071
2014-05-22,0.274763319
2014-05-23,1.555142184
2014-05-24,3.064636131
2014-05-25,3.19726342
2014-05-26,3.582944729
2014-05-27,4.170956253
2014-05-28,4.654170475
2014-05-29,4.092231124
2014-05-30,3.592299991
2014-05-31,2.524063204
2014-06-01,4.301550061
2014-06-02,3.940713691
2014-06-03,3.625303128
2014-06-04,4.424914394
2014-06-05,4.61773238
2014-06-06,5.661177768
2014-06-07,5.773673895
2014-06-08,6.150980785
2014-06-09,6.127745313
2014-06-10,4.14219403
2014-06-11,3.031248659
2014-06-12,5.583530534
2014-06-13,7.313381501
2014-06-14,7.423671184
2014-06-15,5.625465521
2014-06-16,5.694502169
2014-06-17,5.958952607
2014-06-18,4.365996966
2014-06-19,3.548331744
2014-06-20,3.4182778
2014-06-21,6.003181035
2014-06-22,7.542214565
2014-06-23,7.624915621
2014-06-24,6.04339459
2014-06-25,5.005973238
2014-06-26,6.475958048
2014-06-27,6.866569562
2014-06-28,7.800052149
2014-06-29,7.219828897
2014-06-30,7.402992637
2014-07-01,6.375484056
2014-07-02,5.676645257
2014-07-03,7.322574079
2014-07-04,8.19720701
2014-07-05,7.930984469
2014-07-06,9.091596743
2014-07-07,8.341914442
2014-07-08,7.363984232
2014-07-09,8.194343654
2014-07-10,7.454740101
2014-07-11,7.340782064
2014-07-12,8.913637651
2014-07-13,10.41982919
2014-07-14,9.886060243
2014-07-15,9.814372136
2014-07-16,10.72951474
2014-07-17,11.81422388
2014-07-18,12.20732955
2014-07-19,13.78875078
2014-07-20,15.68087042
2014-07-21,16.87823501
2014-07-22,16.9841936
2014-07-23,15.44571332
2014-07-24,12.24197011
2014-07-25,9.707002668
2014-07-26,10.34199061
2014-07-27,9.767352067
2014-07-28,9.052499389
2014-07-29,8.150037787
2014-07-30,8.798855038
2014-07-31,10.84232484
2014-08-01,12.84365982
2014-08-02,14.43730325
2014-08-03,14.07971461
2014-08-04,14.35457971
2014-08-05,13.8295854
2014-08-06,13.87861567
2014-08-07,13.82733813
2014-08-08,14.46916465
2014-08-09,15.79217496
2014-08-10,14.80524737
2014-08-11,14.28629068
2014-08-12,14.54019896
2014-08-13,13.90361003
2014-08-14,14.32530647
2014-08-15,14.55774951
2014-08-16,15.84415458
2014-08-17,16.51964146
2014-08-18,16.24090019
2014-08-19,16.40846211
2014-08-20,16.00828791
2014-08-21,15.42962112
2014-08-22,15.81872313
2014-08-23,16.69066292
2014-08-24,15.35298096
2014-08-25,12.64481096
2014-08-26,10.86708516
2014-08-27,9.597150447
2014-08-28,9.157669118
2014-08-29,9.773647007
2014-08-30,10.90761664
2014-08-31,9.883098464
2014-09-01,9.88852986
2014-09-02,9.611498828
2014-09-03,10.95981162
2014-09-04,9.77777282
2014-09-05,8.601988707
2014-09-06,7.411630325
2014-09-07,7.474035289
2014-09-08,6.912377236
2014-09-09,6.738326186
2014-09-10,6.67712578
2014-09-11,5.668984292
2014-09-12,4.671351116
2014-09-13,3.049913191
2014-09-14,3.811001962
2014-09-15,4.889119784
2014-09-16,5.483503252
2014-09-17,4.863025339
2014-09-18,4.035857174
2014-09-19,2.996061054
2014-09-20,1.861303905
2014-09-21,1.653286082
2014-09-22,1.187416134
2014-09-23,1.157901417
2014-09-24,1.034288102
2014-09-25,1.479983337
2014-09-26,2.089913912
2014-09-27,1.349754279
2014-09-28,0.722689675
2014-09-29,0.476092204
2014-09-30,0.36608969
2014-10-01,0.34299862
2014-10-02,0.329347506
2014-10-03,0.342464176
2014-10-04,1.082278405
2014-10-05,2.674141243
2014-10-06,3.188577247
2014-10-07,3.82450397
2014-10-08,3.178989701
2014-10-09,3.590447433
2014-10-10,3.260260749
2014-10-11,1.565523541
2014-10-12,0.891566637
2014-10-13,0.640400672
2014-10-14,1.566853963
2014-10-15,1.716339012
2014-10-16,0.99634866
2014-10-17,1.211837135
2014-10-18,0.722783842
2014-10-19,0.490440402
2014-10-20,0.351521784
2014-10-21,0.342984106
2014-10-22,0.325195972
2014-10-23,0.291441645
2014-10-24,0.343003341
2014-10-25,0.343
2014-10-26,0.343
2014-10-27,0.343
2014-10-28,0.343
2014-10-29,0.343
2014-10-30,0.343
2014-10-31,0.343003359
2014-11-01,0.296734106
2014-11-02,0.232012535
2014-11-03,0.232
2014-11-04,0.231998859
2014-11-05,0.218335903
2014-11-06,0.204866355
2014-11-07,0.185540015
2014-11-08,0.194384786
2014-11-09,0.231999082
2014-11-10,0.232
2014-11-11,0.231984106
2014-11-12,0.21814083
2014-11-13,0.214183443
2014-11-14,0.134397118
2014-11-15,0.134668361
2014-11-16,0.121001142
2014-11-17,0.121
2014-11-18,0.121
2014-11-19,0.121
2014-11-20,0.121
2014-11-21,0.120999106
2014-11-22,0.088894049
2014-11-23,0.023605705
2014-11-24,0.01000114
2014-11-25,0.0099955
2014-11-26,0.042617684
2014-11-27,0.10747909
2014-11-28,0.018657659
2014-11-29,0.010000067
2014-11-30,0.010044056
2014-12-01,-0.036875131
2014-12-02,-0.101184012
2014-12-03,-0.204402555
2014-12-04,-0.24566545
2014-12-05,-0.269188146
2014-12-06,-0.385475391
2014-12-07,-0.438996313
2014-12-08,-1.529702155
2014-12-09,-2.18489219
2014-12-10,-2.67890229
2014-12-11,-2.509781385
2014-12-12,-1.535242968
2014-12-13,-1.063390922
2014-12-14,-0.801969694
2014-12-15,-0.829058146
2014-12-16,-1.978561193
2014-12-17,-2.77159182
2014-12-18,-2.884188858
2014-12-19,-2.937197041
2014-12-20,-3.374803433
2014-12-21,-3.445032361
2014-12-22,-3.264474486
2014-12-23,-3.2319263
2014-12-24,-2.846845191
2014-12-25,-2.194084973
2014-12-26,-1.488647255
2014-12-27,-1.132106508
2014-12-28,-0.915149554
2014-12-29,-1.372094219
2014-12-30,-2.411087102
2014-12-31,-3.163598673
2015-01-01,-4.117341054
2015-01-02,-4.691863061
2015-01-03,-4.921916486
2015-01-04,-5.002300616
2015-01-05,-5.456597708
2015-01-06,-4.971902052
2015-01-07,-4.701295361
2015-01-08,-4.758051467
2015-01-09,-4.731832238
2015-01-10,-4.885051064
2015-01-11,-5.13608519
2015-01-12,-5.465737355
2015-01-13,-5.636362666
2015-01-14,-5.382768065
2015-01-15,-5.125118943
2015-01-16,-2.225908418
2015-01-17,-0.199123106
2015-01-18,-0.027297583
2015-01-19,0.009988336
2015-01-20,-0.209947862
2015-01-21,-3.141820924
2015-01-22,-7.143600116
2015-01-23,-8.908307872
2015-01-24,-8.919607834
2015-01-25,-8.454984283
2015-01-26,-6.840566754
2015-01-27,-5.52669587
2015-01-28,-5.228205948
2015-01-29,-4.946164927
2015-01-30,-5.223810323
2015-01-31,-5.635541437
2015-02-01,-6.42734944
2015-02-02,-6.066661203
2015-02-03,-7.110875981
2015-02-04,-8.308359132
2015-02-05,-9.328468501
2015-02-06,-10.06345888
2015-02-07,-10.9757476
2015-02-08,-11.35560837
2015-02-09,-11.79475034
2015-02-10,-11.91526507
2015-02-11,-12.49186262
2015-02-12,-13.91576528
2015-02-13,-15.18890093
2015-02-14,-14.84578398
2015-02-15,-14.883516
2015-02-16,-15.34774912
2015-02-17,-14.77346066
2015-02-18,-14.21682883
2015-02-19,-14.18480716
2015-02-20,-14.41019645
2015-02-21,-12.62624827
2015-02-22,-11.07797844
2015-02-23,-9.878673342
2015-02-24,-9.111644327
2015-02-25,-8.718902486
2015-02-26,-8.452531954
2015-02-27,-8.251559416
2015-02-28,-9.140934997
2015-03-01,-10.5550023
2015-03-02,-10.70966428
2015-03-03,-10.76699146
2015-03-04,-11.9313932
2015-03-05,-12.10997131
2015-03-06,-12.52811937
2015-03-07,-13.7368534
2015-03-08,-13.85995617
2015-03-09,-14.58481354
2015-03-10,-15.07818262
2015-03-11,-15.29953009
2015-03-12,-15.09037417
2015-03-13,-15.18438178
2015-03-14,-15.26528457
2015-03-15,-14.89171304
2015-03-16,-12.79456697
2015-03-17,-11.15412092
2015-03-18,-10.25832152
2015-03-19,-10.42357309
2015-03-20,-10.51612975
2015-03-21,-10.87902411
2015-03-22,-10.02808245
2015-03-23,-8.468402066
2015-03-24,-9.074800111
2015-03-25,-11.31954181
2015-03-26,-12.44866187
2015-03-27,-12.8395436
2015-03-28,-13.11903959
2015-03-29,-12.16759745
2015-03-30,-12.53959608
2015-03-31,-11.22919249
2015-04-01,-9.497193331
2015-04-02,-8.397696632
2015-04-03,-7.678893792
2015-04-04,-7.049148685
2015-04-05,-8.253355485
2015-04-06,-8.77760265
2015-04-07,-9.985920854
2015-04-08,-10.38907499
2015-04-09,-10.55421822
2015-04-10,-9.549176187
2015-04-11,-8.079966281
2015-04-12,-8.627197416
2015-04-13,-7.845214137
2015-04-14,-3.089035549
2015-04-15,-5.378872565
2015-04-16,-7.990603462
2015-04-17,-7.470178179
2015-04-18,-6.568345489
2015-04-19,-5.217649726
2015-04-20,-4.991489433
2015-04-21,-4.525314943
2015-04-22,-2.053516043
2015-04-23,-0.996873876
2015-04-24,-0.638292233
2015-04-25,-0.45998158
2015-04-26,-0.506158731
2015-04-27,-0.938538213
2015-04-28,-0.597374593
2015-04-29,-0.166066954
2015-04-30,-0.098003371
2015-05-01,0.010657437
2015-05-02,0.010000017
2015-05-03,0.0100009
2015-05-04,0.042327318
2015-05-05,0.12104678
2015-05-06,0.121000001
2015-05-07,0.121
2015-05-08,0.121
2015-05-09,0.121001142
2015-05-10,0.134678615
2015-05-11,0.250759451
2015-05-12,0.542539714
2015-05-13,0.652559076
2015-05-14,0.506614857
2015-05-15,1.074850164
2015-05-16,1.543652131
2015-05-17,1.431489829
2015-05-18,0.293269513
2015-05-19,1.019293197
2015-05-20,1.799313857
2015-05-21,0.291103233
2015-05-22,0.329577672
2015-05-23,1.107923366
2015-05-24,2.515214317
2015-05-25,2.727769912
2015-05-26,1.356551036
2015-05-27,1.082371533
2015-05-28,0.474217759
2015-05-29,0.230715383
2015-05-30,1.054991874
2015-05-31,1.639932096
2015-06-01,1.701905947
2015-06-02,2.805354211
2015-06-03,3.921482343
2015-06-04,2.214061542
2015-06-05,3.662525425
2015-06-06,4.011143266
2015-06-07,3.57417655
2015-06-08,4.192676295
2015-06-09,3.807180153
2015-06-10,3.309240387
2015-06-11,2.441762253
2015-06-12,1.80557813
2015-06-13,1.894916421
2015-06-14,3.200941262
2015-06-15,4.708385794
2015-06-16,4.639799364
2015-06-17,4.638410948
2015-06-18,4.935845732
2015-06-19,4.631360683
2015-06-20,4.274347893
2015-06-21,5.66345787
2015-06-22,6.244643306
2015-06-23,8.495804405
2015-06-24,8.551875691
2015-06-25,8.672479989
2015-06-26,8.625152553
2015-06-27,8.250174723
2015-06-28,7.544987485
2015-06-29,7.513516749
2015-06-30,7.517444162
2015-07-01,6.317510534
2015-07-02,5.025297641
2015-07-03,4.232425268
2015-07-04,3.725747047
2015-07-05,5.181799958
2015-07-06,6.568383671
2015-07-07,8.736837432
2015-07-08,8.372032603
2015-07-09,5.083602218
2015-07-10,5.939028152
2015-07-11,8.777534864
2015-07-12,11.37981175
2015-07-13,11.64171635
2015-07-14,10.06198161
2015-07-15,9.712491284
2015-07-16,10.70245894
2015-07-17,10.59038783
2015-07-18,11.17316965
2015-07-19,11.87931877
2015-07-20,11.97526189
2015-07-21,11.75255155
2015-07-22,11.65426659
2015-07-23,13.06673072
2015-07-24,13.36628829
2015-07-25,14.41575252
2015-07-26,15.24332692
2015-07-27,15.08519479
2015-07-28,14.02932495
2015-07-29,13.20761401
2015-07-30,14.52006949
2015-07-31,15.53489731
2015-08-01,15.33567322
2015-08-02,12.80940085
2015-08-03,10.66005118
2015-08-04,9.449575977
2015-08-05,7.669482211
2015-08-06,7.260189655
2015-08-07,8.447939631
2015-08-08,9.984837705
2015-08-09,12.01065033
2015-08-10,13.32754742
2015-08-11,11.73894192
2015-08-12,11.561739
2015-08-13,12.02418939
2015-08-14,13.85029558
2015-08-15,14.42254203
2015-08-16,12.60581648
2015-08-17,10.92302275
2015-08-18,10.77660394
2015-08-19,11.13009783
2015-08-20,9.694458436
2015-08-21,8.559395141
2015-08-22,8.697706002
2015-08-23,9.117636268
2015-08-24,8.887863273
2015-08-25,9.752931568
2015-08-26,10.83184886
2015-08-27,12.3981711
2015-08-28,12.20398227
2015-08-29,11.39985921
2015-08-30,10.14224969
2015-08-31,9.333040671
2015-09-01,8.044097985
2015-09-02,6.811658823
2015-09-03,5.612255518
2015-09-04,5.215130948
2015-09-05,4.83700574
2015-09-06,3.927148738
2015-09-07,3.780859883
2015-09-08,3.974249634
2015-09-09,4.309931778
2015-09-10,4.552877205
2015-09-11,5.417639276
2015-09-12,6.503986314
2015-09-13,8.253146633
2015-09-14,8.738221585
2015-09-15,9.536902602
2015-09-16,7.476108935
2015-09-17,6.738835941
2015-09-18,6.103536197
2015-09-19,4.884208433
2015-09-20,3.982589116
2015-09-21,3.494037826
2015-09-22,5.083823755
2015-09-23,6.293396415
2015-09-24,4.612792345
2015-09-25,3.267079045
2015-09-26,1.339445057
2015-09-27,0.652840838
2015-09-28,2.007698018
2015-09-29,2.374631309
2015-09-30,2.344574064
2015-10-01,2.170735248
2015-10-02,1.550037861
2015-10-03,2.801767531
2015-10-04,3.814814155
2015-10-05,3.550917189
2015-10-06,2.857160354
2015-10-07,2.43880968
2015-10-08,2.25700458
2015-10-09,1.218106717
2015-10-10,0.710224714
2015-10-11,0.333338912
2015-10-12,0.157683919
2015-10-13,0.107348413
2015-10-14,0.120998859
2015-10-15,0.121000241
2015-10-16,0.102325163
2015-10-17,0.010011314
2015-10-18,-0.036844751
2015-10-19,-0.129415144
2015-10-20,-0.055314179
2015-10-21,0.009812035
2015-10-22,-0.04988085
2015-10-23,-0.10261048
2015-10-24,-0.102047217
2015-10-25,-0.02723802
2015-10-26,-0.064715686
2015-10-27,-0.101998851
2015-10-28,-0.12067485
2015-10-29,-0.213476981
2015-10-30,-0.110598346
2015-10-31,-0.101996711
2015-11-01,-0.148454706
2015-11-02,-0.362304532
2015-11-03,-0.526198448
2015-11-04,-0.366294676
2015-11-05,-0.314963262
2015-11-06,-0.480233881
2015-11-07,-0.250454539
2015-11-08,-0.110599246
2015-11-09,-0.101999823
2015-11-10,-0.120674897
2015-11-11,-0.216787357
2015-11-12,-0.400359559
2015-11-13,-0.37617232
2015-11-14,-0.236506352
2015-11-15,-0.212999518
2015-11-16,-0.232019257
2015-11-17,-0.414147698
2015-11-18,-0.422212622
2015-11-19,-0.330317635
2015-11-20,-0.077933501
2015-11-21,0.010047139
2015-11-22,0.010000001
2015-11-23,0.009999936
2015-11-24,0.006040134
2015-11-25,-0.255301316
2015-11-26,-0.615688935
2015-11-27,-0.807213519
2015-11-28,-1.275248445
2015-11-29,-1.645401986
2015-11-30,-1.755858819
2015-12-01,-1.948751265
2015-12-02,-2.159244867
2015-12-03,-2.893542884
2015-12-04,-3.548411289
2015-12-05,-3.573355972
2015-12-06,-3.847597253
2015-12-07,-3.293807933
2015-12-08,-3.751583852
2015-12-09,-4.629640971
2015-12-10,-3.821378995
2015-12-11,-2.962081541
2015-12-12,-2.232611127
2015-12-13,-1.745733358
2015-12-14,-1.797646165
2015-12-15,-2.296717519
2015-12-16,-2.556631668
2015-12-17,-2.658283251
2015-12-18,-3.026426629
2015-12-19,-2.747155864
2015-12-20,-2.054150134
2015-12-21,-1.962686145
2015-12-22,-3.832976889
2015-12-23,-5.151582335
2015-12-24,-5.369267396
2015-12-25,-3.426686362
2015-12-26,-4.058111687
2015-12-27,-4.909968919
2015-12-28,-5.16176115
2015-12-29,-5.445227054
2015-12-30,-6.012380906
2015-12-31,-5.655133144
2016-01-01,-5.579394361
2016-01-02,-5.413996478
2016-01-03,-4.84923583
2016-01-04,-4.350942304
2016-01-05,-4.979180227
2016-01-06,-6.450288104
2016-01-07,-6.296808492
2016-01-08,-6.435734264
2016-01-09,-6.986562664
2016-01-10,-6.120232408
2016-01-11,-5.281985985
2016-01-12,-3.949121373
2016-01-13,-4.49729253
2016-01-14,-5.359664055
2016-01-15,-4.343197056
2016-01-16,-3.488670334
2016-01-17,-3.058629725
2016-01-18,-2.655307596
2016-01-19,-2.333495122
2016-01-20,-2.077891665
2016-01-21,-1.846922926
2016-01-22,-1.650119585
2016-01-23,-1.54150089
2016-01-24,-1.469532608
2016-01-25,-1.570665811
2016-01-26,-1.617529328
2016-01-27,-1.746275366
2016-01-28,-1.864899972
2016-01-29,-2.474778814
2016-01-30,-3.272487924
2016-01-31,-3.902382772
2016-02-01,-4.196644884
2016-02-02,-4.075640023
2016-02-03,-4.21765773
2016-02-04,-4.453965496
2016-02-05,-4.804191713
2016-02-06,-5.23867185
2016-02-07,-5.661403926
2016-02-08,-5.849364523
2016-02-09,-6.152078283
2016-02-10,-6.29924457
2016-02-11,-5.714182405
2016-02-12,-5.05522928
2016-02-13,-4.473118831
2016-02-14,-3.956771781
2016-02-15,-3.567213238
2016-02-16,-3.499090698
2016-02-17,-3.443036077
2016-02-18,-3.341654702
2016-02-19,-3.3201044
2016-02-20,-3.518276722
2016-02-21,-3.66754301
2016-02-22,-3.507831743
2016-02-23,-3.666457209
2016-02-24,-3.971142047
2016-02-25,-4.202680018
2016-02-26,-4.352691448
2016-02-27,-4.327474415
2016-02-28,-4.292353589
2016-02-29,-4.392809684
2016-03-01,-4.392999995
2016-03-02,-4.392999019
2016-03-03,-4.357759339
2016-03-04,-4.237051566
2016-03-05,-4.071934214
2016-03-06,-3.885625746
2016-03-07,-3.727664663
2016-03-08,-3.527557184
2016-03-09,-3.433215498
2016-03-10,-3.743182106
2016-03-11,-4.175768324
2016-03-12,-4.4333279
2016-03-13,-4.677578511
2016-03-14,-4.854170621
2016-03-15,-4.678427193
2016-03-16,-4.100079435
2016-03-17,-3.965295276
2016-03-18,-4.152505422
2016-03-19,-4.021266875
2016-03-20,-3.762637943
2016-03-21,-3.488566058
2016-03-22,-3.320877183
2016-03-23,-3.192077551
2016-03-24,-3.074118241
2016-03-25,-2.926947216
2016-03-26,-2.843950251
2016-03-27,-2.843999999
2016-03-28,-2.844
2016-03-29,-2.844
2016-03-30,-2.844000069
2016-03-31,-2.848223922
2016-04-01,-2.962692658
2016-04-02,-2.962000018
2016-04-03,-2.962
2016-04-04,-2.961998805
2016-04-05,-2.94817918
2016-04-06,-2.851977276
2016-04-07,-2.938345767
2016-04-08,-2.981682997
2016-04-09,-3.078631883
2016-04-10,-2.982338898
2016-04-11,-2.794589644
2016-04-12,-2.648966445
2016-04-13,-2.56165126
2016-04-14,-2.474328749
2016-04-15,-2.373031694
2016-04-16,-2.26031902
2016-04-17,-2.256847651
2016-04-18,-2.144302866
2016-04-19,-2.111310115
2016-04-20,-2.030164412
2016-04-21,-2.030000029
2016-04-22,-2.030912257
2016-04-23,-1.937252193
2016-04-24,-1.880508987
2016-04-25,-1.798726851
2016-04-26,-1.751066865
2016-04-27,-1.684241397
2016-04-28,-1.664820448
2016-04-29,-1.570179553
2016-04-30,-1.550820446
2016-05-01,-1.456161907
2016-05-02,-1.408165671
2016-05-03,-1.340922353
2016-05-04,-1.281553764
2016-05-05,-0.534852239
2016-05-06,-0.213008312
2016-05-07,-0.110598333
2016-05-08,-0.102000065
2016-05-09,-0.102
2016-05-10,-0.102
2016-05-11,-0.10199885
2016-05-12,-0.08827257
2016-05-13,-0.055894631
2016-05-14,-0.003166147
2016-05-15,0.009998865
2016-05-16,0.01
2016-05-17,0.01
2016-05-18,0.01
2016-05-19,0.01
2016-05-20,0.01
2016-05-21,0.01
2016-05-22,0.01
2016-05-23,0.01
2016-05-24,0.01
2016-05-25,0.01
2016-05-26,0.01
2016-05-27,0.01
2016-05-28,0.01
2016-05-29,0.01
2016-05-30,0.01
2016-05-31,0.01
2016-06-01,0.01
2016-06-02,0.01
2016-06-03,0.01
2016-06-04,0.01
2016-06-05,0.010009947
2016-06-06,0.140773914
2016-06-07,0.324208987
2016-06-08,0.672423702
2016-06-09,0.918991315
2016-06-10,0.148147128
2016-06-11,0.144126207
2016-06-12,0.153153708
2016-06-13,0.162620653
2016-06-14,0.176559317
2016-06-15,0.176516731
2016-06-16,0.218709687
2016-06-17,0.231874481
2016-06-18,0.245754261
2016-06-19,0.245780603
2016-06-20,0.42968224
2016-06-21,0.627593586
2016-06-22,1.638139476
2016-06-23,2.529682101
2016-06-24,3.223068946
2016-06-25,3.723360167
2016-06-26,4.306618503
2016-06-27,3.425463157
2016-06-28,4.167486422
2016-06-29,5.033262253
2016-06-30,6.055476676
2016-07-01,6.743992902
2016-07-02,8.201383825
2016-07-03,5.47454819
2016-07-04,3.286522109
2016-07-05,3.955120185
2016-07-06,5.605244901
2016-07-07,6.554485697
2016-07-08,6.524301654
2016-07-09,5.40561184
2016-07-10,6.052396288
2016-07-11,7.252858425
2016-07-12,6.971746137
2016-07-13,7.141608091
2016-07-14,6.183816789
2016-07-15,5.249903378
2016-07-16,5.884891219
2016-07-17,7.874028348
2016-07-18,9.515760959
2016-07-19,10.97181142
2016-07-20,11.6420493
2016-07-21,13.20496319
2016-07-22,13.42848609
2016-07-23,12.29672788
2016-07-24,12.16613985
2016-07-25,11.81216021
2016-07-26,11.70188058
2016-07-27,11.17371414
2016-07-28,10.21557201
2016-07-29,8.242016138
2016-07-30,7.663585564
2016-07-31,8.096926844
2016-08-01,8.550293813
2016-08-02,9.513972663
2016-08-03,10.54819254
2016-08-04,11.9952771
2016-08-05,12.39140781
2016-08-06,11.3977695
2016-08-07,9.821885914
2016-08-08,8.492327041
2016-08-09,8.989882753
2016-08-10,8.493489368
2016-08-11,9.069732533
2016-08-12,8.333531627
2016-08-13,8.613972885
2016-08-14,9.544734134
2016-08-15,10.11498307
2016-08-16,10.97449541
2016-08-17,12.45837076
2016-08-18,13.10621959
2016-08-19,13.4787946
2016-08-20,13.20915057
2016-08-21,13.65978752
2016-08-22,14.07828605
2016-08-23,12.8348131
2016-08-24,11.75180872
2016-08-25,10.86497943
2016-08-26,10.19458155
2016-08-27,10.56264627
2016-08-28,9.704146785
2016-08-29,9.512563744
2016-08-30,8.651036497
2016-08-31,7.817697366
2016-09-01,7.872327426
2016-09-02,6.716309199
2016-09-03,5.751261239
2016-09-04,5.8337445
2016-09-05,8.488759951
2016-09-06,6.795990671
2016-09-07,6.091747945
2016-09-08,5.993679937
2016-09-09,6.12349072
2016-09-10,7.176127541
2016-09-11,7.400038704
2016-09-12,5.164396253
2016-09-13,4.37763317
2016-09-14,5.15892899
2016-09-15,5.314480612
2016-09-16,4.956102503
2016-09-17,3.248980319
2016-09-18,2.009459122
2016-09-19,1.345415747
2016-09-20,2.137886604
2016-09-21,5.223245249
2016-09-22,6.524095921
2016-09-23,6.350568521
2016-09-24,5.357691244
2016-09-25,4.350635756
2016-09-26,3.402217105
2016-09-27,3.187027598
2016-09-28,3.474491317
2016-09-29,4.032312226
2016-09-30,3.884354692
2016-10-01,3.161896479
2016-10-02,1.92826947
2016-10-03,1.110212329
2016-10-04,0.672565308
2016-10-05,1.225962396
2016-10-06,0.695143834
2016-10-07,0.388378657
2016-10-08,0.342996659
2016-10-09,0.343
2016-10-10,0.342998859
2016-10-11,0.329346368
2016-10-12,0.32890478
2016-10-13,0.329126077
2016-10-14,0.334400438
2016-10-15,0.222746723
2016-10-16,0.171239309
2016-10-17,0.231991642
2016-10-18,0.209459732
2016-10-19,0.171950209
2016-10-20,0.124960735
2016-10-21,0.112398291
2016-10-22,0.051653511
2016-10-23,0.074069988
2016-10-24,0.121050121
2016-10-25,0.042327318
2016-10-26,0.010000901
2016-10-27,0.010043813
2016-10-28,-0.018030933
2016-10-29,0.0236405
2016-10-30,0.033333901
2016-10-31,-0.045414011
2016-11-01,-0.223547121
2016-11-02,-0.180310779
2016-11-03,-0.008840353
2016-11-04,-0.012874032
2016-11-05,-0.231496718
2016-11-06,-0.23737511
2016-11-07,-0.050792679
2016-11-08,-0.083344141
2016-11-09,-0.193620771
2016-11-10,-0.400375933
2016-11-11,-0.385841853
2016-11-12,-0.432137498
2016-11-13,-0.436985008
2016-11-14,-0.554015163
2016-11-15,-0.539416883
2016-11-16,-0.658910728
2016-11-17,-0.31908818
2016-11-18,-0.102136865
2016-11-19,-0.180660169
2016-11-20,-0.148922497
2016-11-21,-0.002681605
2016-11-22,-0.102832158
2016-11-23,-0.203129956
2016-11-24,-0.498196031
2016-11-25,-0.548336289
2016-11-26,-0.634187831
2016-11-27,-0.637231345
2016-11-28,-0.917719075
2016-11-29,-0.847971343
2016-11-30,-1.090606332
2016-12-01,-1.302760678
2016-12-02,-1.685732628
2016-12-03,-1.673941198
2016-12-04,-1.604267776
2016-12-05,-1.746339856
2016-12-06,-1.813347752
2016-12-07,-1.947242989
2016-12-08,-1.953815098
2016-12-09,-1.717467102
2016-12-10,-1.851499148
2016-12-11,-2.203629834
2016-12-12,-2.096568582
2016-12-13,-2.294380855
2016-12-14,-2.830835461
2016-12-15,-3.063982938
2016-12-16,-3.365388247
2016-12-17,-3.346367289
2016-12-18,-2.999525039
2016-12-19,-3.394269864
2016-12-20,-3.752851809
2016-12-21,-4.096236344
2016-12-22,-4.399044018
2016-12-23,-4.539544775
2016-12-24,-4.737229995
2016-12-25,-4.838282351
2016-12-26,-4.942505653
2016-12-27,-4.778044144
2016-12-28,-4.978094683
2016-12-29,-4.492268373
2016-12-30,-4.336357398
2016-12-31,-3.167977554
2017-01-01,-2.833165308
2017-01-02,-2.991936056
2017-01-03,-3.039871887
2017-01-04,-3.71373253
2017-01-05,-3.603455206
2017-01-06,-2.73290391
2017-01-07,-2.105811078
2017-01-08,-1.86914963
2017-01-09,-2.577879061
2017-01-10,-2.872850533
2017-01-11,-3.217901048
2017-01-12,-3.114784432
2017-01-13,-2.721379486
2017-01-14,-2.57128691
2017-01-15,-2.624126934
2017-01-16,-3.006280376
2017-01-17,-3.504268844
2017-01-18,-3.831606311
2017-01-19,-3.558462043
2017-01-20,-3.040018969
2017-01-21,-2.625211569
2017-01-22,-2.31349856
2017-01-23,-2.353205645
2017-01-24,-2.518182055
2017-01-25,-2.677377261
2017-01-26,-2.899543093
2017-01-27,-2.658868564
2017-01-28,-2.187809799
2017-01-29,-1.842534784
2017-01-30,-1.594547425
2017-01-31,-1.454659107
2017-02-01,-1.617523259
2017-02-02,-1.886464118
2017-02-03,-2.177971985
2017-02-04,-2.426655548
2017-02-05,-2.653188951
2017-02-06,-2.922549889
2017-02-07,-3.143008338
2017-02-08,-3.332549151
2017-02-09,-3.329638817
2017-02-10,-3.261442484
2017-02-11,-3.19701342
2017-02-12,-3.196302428
2017-02-13,-3.350972775
2017-02-14,-3.518392446
2017-02-15,-3.552999161
2017-02-16,-3.509799701
2017-02-17,-3.378459224
2017-02-18,-3.325199603
2017-02-19,-3.060140573
2017-02-20,-2.869253223
2017-02-21,-2.717251042
2017-02-22,-2.609313218
2017-02-23,-2.610913179
2017-02-24,-2.551036376
2017-02-25,-2.634622643
2017-02-26,-2.795049139
2017-02-27,-2.834302931
2017-02-28,-2.756199828
2017-03-01,-2.727014144
2017-03-02,-2.804386773
2017-03-03,-3.054996538
2017-03-04,-3.365658455
2017-03-05,-3.433288074
2017-03-06,-3.54879069
2017-03-07,-3.443887885
2017-03-08,-3.306967549
2017-03-09,-3.156838311
2017-03-10,-2.918457898
2017-03-11,-2.649094092
2017-03-12,-2.416100124
2017-03-13,-2.207135727
2017-03-14,-2.092288281
2017-03-15,-2.030012987
2017-03-16,-2.029999982
2017-03-17,-2.029324952
2017-03-18,-2.140883466
2017-03-19,-2.144999681
2017-03-20,-2.169352886
2017-03-21,-2.207682487
2017-03-22,-2.087596862
2017-03-23,-2.264963072
2017-03-24,-2.542357253
2017-03-25,-2.761698786
2017-03-26,-2.936746389
2017-03-27,-3.079685837
2017-03-28,-3.079185615
2017-03-29,-3.177147475
2017-03-30,-3.1969993
2017-03-31,-3.157717287
2017-04-01,-3.069886187
2017-04-02,-2.922034107
2017-04-03,-2.790308498
2017-04-04,-2.727013211
2017-04-05,-2.727000254
2017-04-06,-2.702427549
2017-04-07,-2.533457674
2017-04-08,-2.299677484
2017-04-09,-2.092253708
2017-04-10,-1.25722841
2017-04-11,-0.008012938
2017-04-12,0.088386851
2017-04-13,0.1210045
2017-04-14,0.121
2017-04-15,0.121
2017-04-16,0.121
2017-04-17,0.121
2017-04-18,0.121
2017-04-19,0.121
2017-04-20,0.121
2017-04-21,0.121
2017-04-22,0.121
2017-04-23,0.121
2017-04-24,0.121
2017-04-25,0.121
2017-04-26,0.120987466
2017-04-27,0.056313096
2017-04-28,-0.069385703
2017-04-29,-0.13895141
2017-04-30,-0.21304339
2017-05-01,-0.26430217
2017-05-02,-0.404368797
2017-05-03,-0.436998866
2017-05-04,-0.461167184
2017-05-05,-0.441009129
2017-05-06,-0.529493678
2017-05-07,-0.657944048
2017-05-08,-0.461564338
2017-05-09,-0.050010109
2017-05-10,0.010064158
2017-05-11,0.04695232
2017-05-12,0.12104678
2017-05-13,0.121000088
2017-05-14,0.130428764
2017-05-15,0.20401151
2017-05-16,0.232058174
2017-05-17,0.315939811
2017-05-18,1.070673037
2017-05-19,1.358423664
2017-05-20,2.04492396
2017-05-21,3.582845885
2017-05-22,1.749532742
2017-05-23,1.458515057
2017-05-24,2.03127225
2017-05-25,2.381164328
2017-05-26,2.197765696
2017-05-27,2.373439876
2017-05-28,4.522954746
2017-05-29,5.014902373
2017-05-30,6.318286025
2017-05-31,7.748945366
2017-06-01,8.101301302
2017-06-02,7.120150733
2017-06-03,7.589819619
2017-06-04,7.780647519
2017-06-05,6.596335925
2017-06-06,7.27288396
2017-06-07,7.074130624
2017-06-08,6.268495934
2017-06-09,6.637407652
2017-06-10,6.239770301
2017-06-11,3.62256914
2017-06-12,3.365503087
2017-06-13,4.228623011
2017-06-14,4.533903724
2017-06-15,5.594121658
2017-06-16,7.100417716
2017-06-17,8.474988174
2017-06-18,9.301895301
2017-06-19,7.088544086
2017-06-20,3.650632456
2017-06-21,1.245728638
2017-06-22,4.279009
2017-06-23,5.336841235
2017-06-24,5.007858957
2017-06-25,3.649861256
2017-06-26,2.722570321
2017-06-27,4.097778404
2017-06-28,4.686794358
2017-06-29,6.024241157
2017-06-30,7.825296296
2017-07-01,9.780616392
2017-07-02,8.89565328
2017-07-03,8.698153923
2017-07-04,8.199592805
2017-07-05,9.807292372
2017-07-06,11.54644989
2017-07-07,12.16902972
2017-07-08,12.2571484
2017-07-09,13.48698769
2017-07-10,10.99677797
2017-07-11,11.38818108
2017-07-12,5.496187074
2017-07-13,6.882103872
2017-07-14,8.462720003
2017-07-15,8.590804869
2017-07-16,8.448585782
2017-07-17,11.3301692
2017-07-18,13.1817409
2017-07-19,12.38613477
2017-07-20,11.82361872
2017-07-21,11.48885169
2017-07-22,10.89865952
2017-07-23,8.978147258
2017-07-24,9.563985486
2017-07-25,10.50593142
2017-07-26,13.26658552
2017-07-27,13.18716647
2017-07-28,14.73541608
2017-07-29,14.19050047
2017-07-30,14.99488753
2017-07-31,13.47893427
2017-08-01,14.91548296
2017-08-02,15.71116304
2017-08-03,14.88423691
2017-08-04,14.02351157
2017-08-05,14.03092111
2017-08-06,12.50764502
2017-08-07,10.05473543
2017-08-08,9.488005248
2017-08-09,9.526871482
2017-08-10,10.57368926
2017-08-11,10.82629275
2017-08-12,11.04475282
2017-08-13,10.62668488
2017-08-14,9.205907403
2017-08-15,10.50267823
2017-08-16,12.37673042
2017-08-17,12.5587424
2017-08-18,12.93961331
2017-08-19,13.68263126
2017-08-20,10.60165302
2017-08-21,8.625454802
2017-08-22,7.849365169
2017-08-23,7.836227865
2017-08-24,7.414217922
2017-08-25,7.652699251
2017-08-26,7.590760629
2017-08-27,8.29659138
2017-08-28,9.793998246
2017-08-29,10.76711581
2017-08-30,9.712523011
2017-08-31,7.317184226
2017-09-01,6.825183684
2017-09-02,6.839795614
2017-09-03,8.05985055
2017-09-04,8.805704802
2017-09-05,8.820703045
2017-09-06,7.813617332
2017-09-07,7.591887876
2017-09-08,6.413254089
2017-09-09,4.959150405
2017-09-10,6.407254268
2017-09-11,4.640412322
2017-09-12,6.111267237
2017-09-13,7.482044369
2017-09-14,7.462952999
2017-09-15,6.539789465
2017-09-16,4.924094644
2017-09-17,3.531383629
2017-09-18,3.152603496
2017-09-19,4.036979842
2017-09-20,5.632322302
2017-09-21,5.93693432
2017-09-22,5.936275434
2017-09-23,4.424392894
2017-09-24,2.609731746
2017-09-25,1.582924777
2017-09-26,0.881500502
2017-09-27,0.494413547
2017-09-28,0.350002815
2017-09-29,0.247696458
2017-09-30,0.232000003
2017-10-01,0.232
2017-10-02,0.232
2017-10-03,0.232000003
2017-10-04,0.241125474
2017-10-05,0.232124523
2017-10-06,0.232
2017-10-07,0.231999998
2017-10-08,0.213526959
2017-10-09,0.136668862
2017-10-10,0.216304185
2017-10-11,0.231999997
2017-10-12,0.232
2017-10-13,0.232
2017-10-14,0.232
2017-10-15,0.232
2017-10-16,0.232
2017-10-17,0.231992949
2017-10-18,0.155687374
2017-10-19,0.093257693
2017-10-20,0.121001373
2017-10-21,0.053935574
2017-10-22,0.008037033
2017-10-23,-0.044037084
2017-10-24,0.038178916
2017-10-25,0.095134314
2017-10-26,0.120999359
2017-10-27,0.121
2017-10-28,0.121
2017-10-29,0.121
2017-10-30,0.121
2017-10-31,0.121
2017-11-01,0.121
2017-11-02,0.121
2017-11-03,0.121
2017-11-04,0.121
2017-11-05,0.121
2017-11-06,0.121
2017-11-07,0.120992949
2017-11-08,0.04469405
2017-11-09,-0.048430901
2017-11-10,-0.175928246
2017-11-11,-0.101980737
2017-11-12,-0.180268953
2017-11-13,-0.337142703
2017-11-14,-0.513895692
2017-11-15,-0.502409875
2017-11-16,-0.840489797
2017-11-17,-0.796160406
2017-11-18,-0.476374263
2017-11-19,-0.245569728
2017-11-20,-0.111348196
2017-11-21,-0.082890976
2017-11-22,-0.00677374
2017-11-23,-0.048344343
2017-11-24,-0.101499903
2017-11-25,-0.197303579
2017-11-26,-0.25266472
2017-11-27,-0.325002043
2017-11-28,-0.275999215
2017-11-29,-0.262001158
2017-11-30,-0.324999489
2017-12-01,-0.324999999
2017-12-02,-0.334432427
2017-12-03,-0.429900908
2017-12-04,-0.437
2017-12-05,-0.437
2017-12-06,-0.437369818
2017-12-07,-0.331630181
2017-12-08,-0.325132759
2017-12-09,-0.411198655
2017-12-10,-0.504295502
2017-12-11,-0.655311095
2017-12-12,-0.720333201
2017-12-13,-0.834852227
2017-12-14,-0.999379916
2017-12-15,-0.788037115
2017-12-16,-0.572912679
2017-12-17,-0.436630184
2017-12-18,-0.437000037
2017-12-19,-0.476764564
2017-12-20,-0.694523387
2017-12-21,-0.870420345
2017-12-22,-0.887
2017-12-23,-0.898976378
2017-12-24,-1.059376229
2017-12-25,-1.221251561
2017-12-26,-1.228000139
2017-12-27,-1.178151127
2017-12-28,-1.005521728
2017-12-29,-0.83753482
2017-12-30,-0.762829315
2017-12-31,-0.66160363
2018-01-01,-0.757567435
2018-01-02,-0.823438157
2018-01-03,-0.908347456
2018-01-04,-1.001027026
2018-01-05,-1.001
2018-01-06,-1.001
2018-01-07,-1.001000187
2018-01-08,-0.960615111
2018-01-09,-0.887010398
2018-01-10,-0.936871706
2018-01-11,-1.022163308
2018-01-12,-1.114127651
2018-01-13,-1.211274137
2018-01-14,-1.228000001
2018-01-15,-1.228
2018-01-16,-1.228099977
2018-01-17,-1.324420855
2018-01-18,-1.341000001
2018-01-19,-1.34100678
2018-01-20,-1.372148923
2018-01-21,-1.417702397
2018-01-22,-1.376891849
2018-01-23,-1.34100005
2018-01-24,-1.341
2018-01-25,-1.341
2018-01-26,-1.341
2018-01-27,-1.341
2018-01-28,-1.341000524
2018-01-29,-1.400895168
2018-01-30,-1.456000141
2018-01-31,-1.456007242
2018-02-01,-1.534367786
2018-02-02,-1.610373032
2018-02-03,-1.684008759
2018-02-04,-1.743887188
2018-02-05,-1.798622103
2018-02-06,-1.907192225
2018-02-07,-1.9139725
2018-02-08,-2.003444207
2018-02-09,-2.070727169
2018-02-10,-2.144618931
2018-02-11,-2.254133029
2018-02-12,-2.282722497
2018-02-13,-2.3770275
2018-02-14,-2.377138686
2018-02-15,-2.466919392
2018-02-16,-2.452823675
2018-02-17,-2.486555748
2018-02-18,-2.494
2018-02-19,-2.494
2018-02-20,-2.494000004
2018-02-21,-2.505570172
2018-02-22,-2.610513158
2018-02-23,-2.612051171
2018-02-24,-2.724948776
2018-02-25,-2.697892773
2018-02-26,-2.668216564
2018-02-27,-2.610140711
2018-02-28,-2.598429828
2018-03-01,-2.49351458
2018-03-02,-2.391498259
2018-03-03,-2.020736531
2018-03-04,-1.619905486
2018-03-05,-1.414895928
2018-03-06,-1.282144669
2018-03-07,-1.178124202
2018-03-08,-1.111673142
2018-03-09,-1.019806542
2018-03-10,-1.001000002
2018-03-11,-1.001
2018-03-12,-1.000964297
2018-03-13,-1.059844413
2018-03-14,-1.094612319
2018-03-15,-1.083861696
2018-03-16,-1.001133941
2018-03-17,-1.001376422
2018-03-18,-0.893748577
2018-03-19,-0.887373121
2018-03-20,-0.780689379
2018-03-21,-0.773990295
2018-03-22,-0.715678972
2018-03-23,-0.661997399
2018-03-24,-0.662
2018-03-25,-0.662099093
2018-03-26,-0.757567573
2018-03-27,-0.774000469
2018-03-28,-0.823479971
2018-03-29,-0.858799157
2018-03-30,-0.837472981
2018-03-31,-0.773997423
2018-04-01,-0.774002417
2018-04-02,-0.764664076
2018-04-03,-0.774000173
2018-04-04,-0.77353408
2018-04-05,-0.861570067
2018-04-06,-0.917882261
2018-04-07,-1.000999936
2018-04-08,-1.078680312
2018-04-09,-1.11400001
2018-04-10,-1.114
2018-04-11,-1.114
2018-04-12,-1.114
2018-04-13,-1.116032845
2018-04-14,-1.218842142
2018-04-15,-1.227999828
2018-04-16,-1.268030635
2018-04-17,-1.340990383
2018-04-18,-1.341
2018-04-19,-1.340999532
2018-04-20,-1.291554005
2018-04-21,-1.228008963
2018-04-22,-1.228
2018-04-23,-1.226001423
2018-04-24,-1.113623578
2018-04-25,-1.113992822
2018-04-26,-1.036319688
2018-04-27,-1.001027016
2018-04-28,-0.913097971
2018-04-29,-0.887000003
2018-04-30,-0.887
2018-05-01,-0.887
2018-05-02,-0.885018957
2018-05-03,-0.783043405
2018-05-04,-0.832854817
2018-05-05,-0.886999488
2018-05-06,-0.887
2018-05-07,-0.887001748
2018-05-08,-0.828146487
2018-05-09,-0.773997598
2018-05-10,-0.774
2018-05-11,-0.774
2018-05-12,-0.774
2018-05-13,-0.774
2018-05-14,-0.774
2018-05-15,-0.774
2018-05-16,-0.773975135
2018-05-17,-0.795175963
2018-05-18,-0.829934802
2018-05-19,-0.87853388
2018-05-20,-0.830301997
2018-05-21,-0.790328219
2018-05-22,-0.774000004
2018-05-23,-0.774
2018-05-24,-0.774001779
2018-05-25,-0.72499158
2018-05-26,-0.66200664
2018-05-27,-0.662
2018-05-28,-0.661866056
2018-05-29,-0.575029791
2018-05-30,-0.548900894
2018-05-31,-0.453720446
2018-06-01,-0.141050431
2018-06-02,-0.006432382
2018-06-03,0.010000001
2018-06-04,0.01
2018-06-05,0.01
2018-06-06,0.01
2018-06-07,0.01
2018-06-08,0.01
2018-06-09,0.01
2018-06-10,0.01
2018-06-11,0.01
2018-06-12,0.01
2018-06-13,0.01
2018-06-14,0.01
2018-06-15,0.01
2018-06-16,0.01
2018-06-17,0.009999828
2018-06-18,0.019252568
2018-06-19,0.009997604
2018-06-20,0.01
2018-06-21,0.01
2018-06-22,0.01
2018-06-23,0.01
2018-06-24,0.01
2018-06-25,0.009997608
2018-06-26,0.028502567
2018-06-27,0.040501622
2018-06-28,0.372352548
2018-06-29,0.527676706
2018-06-30,0.955996412
2018-07-01,1.223745534
2018-07-02,2.917760198
2018-07-03,1.448846499
2018-07-04,1.93355547
2018-07-05,5.278380259
2018-07-06,1.93397591
2018-07-07,1.556126613
2018-07-08,4.744202787
2018-07-09,2.319833369
2018-07-10,4.156802919
2018-07-11,4.901264993
2018-07-12,6.004020021
2018-07-13,7.526650279
2018-07-14,6.86839843
2018-07-15,7.691238617
2018-07-16,8.871661095
2018-07-17,8.990940781
2018-07-18,5.254586337
2018-07-19,5.083861745
2018-07-20,6.312079499
2018-07-21,7.350948847
2018-07-22,7.869040305
2018-07-23,8.074214933
2018-07-24,9.00811744
2018-07-25,9.224203059
2018-07-26,11.2000554
2018-07-27,11.17448251
2018-07-28,10.76015874
2018-07-29,11.69059309
2018-07-30,13.34227843
2018-07-31,12.40871906
2018-08-01,10.59372808
2018-08-02,11.12874331
2018-08-03,11.44153084
2018-08-04,10.71936939
2018-08-05,13.01079065
2018-08-06,15.25488305
2018-08-07,12.16754504
2018-08-08,12.64263806
2018-08-09,13.82488922
2018-08-10,13.86109336
2018-08-11,11.98375405
2018-08-12,10.67806644
2018-08-13,9.856715701
2018-08-14,9.180014435
2018-08-15,8.928020258
2018-08-16,9.140036711
2018-08-17,9.712822721
2018-08-18,8.031287265
2018-08-19,9.370896692
2018-08-20,9.41664996
2018-08-21,7.813188886
2018-08-22,8.98653992
2018-08-23,9.732633859
2018-08-24,7.908825627
2018-08-25,6.948460522
2018-08-26,6.76274841
2018-08-27,5.911104738
2018-08-28,7.424922978
2018-08-29,6.119251911
2018-08-30,4.827717262
2018-08-31,5.80354928
2018-09-01,8.602654007
2018-09-02,8.016579645
2018-09-03,6.943528411
2018-09-04,4.052251262
2018-09-05,3.995254913
2018-09-06,5.263421891
2018-09-07,5.390304848
2018-09-08,4.773744013
2018-09-09,3.352526586
2018-09-10,3.971175742
2018-09-11,3.782132439
2018-09-12,5.027258732
2018-09-13,4.766114633
2018-09-14,2.978703934
2018-09-15,3.038998504
2018-09-16,1.990573385
2018-09-17,1.288488981
2018-09-18,1.77895925
2018-09-19,1.167331853
2018-09-20,1.029636548
2018-09-21,1.6931825
2018-09-22,0.5847345
2018-09-23,0.568485257
2018-09-24,0.203380067
2018-09-25,0.121224458
2018-09-26,0.696084487
2018-09-27,0.645808736
2018-09-28,1.513704213
2018-09-29,3.042555192
2018-09-30,0.665976712
2018-10-01,0.615229405
2018-10-02,0.097678191
2018-10-03,0.022953003
2018-10-04,0.596758443
2018-10-05,0.213703254
2018-10-06,0.033296242
2018-10-07,0.010046961
2018-10-08,-0.064698967
2018-10-09,-0.068534951
2018-10-10,-0.079420162
2018-10-11,-0.102059789
2018-10-12,-0.102000006
2018-10-13,-0.102177923
2018-10-14,-0.142564437
2018-10-15,-0.162456981
2018-10-16,-0.283542374
2018-10-17,-0.213008263
2018-10-18,-0.212329654
2018-10-19,-0.273862583
2018-10-20,-0.381465258
2018-10-21,-0.278329874
2018-10-22,-0.213012631
2018-10-23,-0.212342563
2018-10-24,-0.316324182
2018-10-25,-0.324823775
2018-10-26,-0.236509741
2018-10-27,-0.212999762
2018-10-28,-0.213192196
2018-10-29,-0.315445537
2018-10-30,-0.264366801
2018-10-31,-0.226724913
2018-11-01,-0.288771737
2018-11-02,-0.310165152
2018-11-03,-0.324342871
2018-11-04,-0.428324187
2018-11-05,-0.436999917
2018-11-06,-0.436342806
2018-11-07,-0.521484484
2018-11-08,-0.389848601
2018-11-09,-0.488987447
2018-11-10,-0.548161376
2018-11-11,-0.5313478
2018-11-12,-0.436244037
2018-11-13,-0.662388681
2018-11-14,-0.769319787
2018-11-15,-0.764663335
2018-11-16,-0.821288314
2018-11-17,-1.067297019
2018-11-18,-0.900313932
2018-11-19,-0.958945994
2018-11-20,-1.146311272
2018-11-21,-1.479693193
2018-11-22,-1.533221368
2018-11-23,-1.141298558
2018-11-24,-1.129613854
2018-11-25,-0.689273147
2018-11-26,-0.62433093
2018-11-27,-0.661949457
2018-11-28,-0.821252397
2018-11-29,-1.270076813
2018-11-30,-1.456691607
2018-12-01,-1.517733452
2018-12-02,-1.589377124
2018-12-03,-1.817657323
2018-12-04,-1.702567855
2018-12-05,-1.799998777
2018-12-06,-1.918333249
2018-12-07,-2.217420238
2018-12-08,-2.664223361
2018-12-09,-3.168681788
2018-12-10,-3.365123836
2018-12-11,-3.514073244
2018-12-12,-3.394780828
2018-12-13,-3.09325722
2018-12-14,-2.815587371
2018-12-15,-2.449392815
2018-12-16,-2.265347995
2018-12-17,-2.35889522
2018-12-18,-2.111796797
2018-12-19,-2.181598016
2018-12-20,-2.626346421
2018-12-21,-2.727055642
2018-12-22,-2.581648732
2018-12-23,-2.140714177
2018-12-24,-1.879844295
2018-12-25,-1.751018186
2018-12-26,-1.706937753
2018-12-27,-2.324499913
2018-12-28,-3.183327667
2018-12-29,-3.822284431
2018-12-30,-4.256704716
2018-12-31,-5.214152753
2019-01-01,-5.834273659
2019-01-02,-6.155934766
2019-01-03,-6.520948363
2019-01-04,-7.022578315
2019-01-05,-6.574556982
2019-01-06,-5.721794677
2019-01-07,-5.897290911
2019-01-08,-5.848228909
2019-01-09,-5.568789499
2019-01-10,-3.393371452
2019-01-11,-0.44053746
2019-01-12,-0.32116674
2019-01-13,-0.212342567
2019-01-14,-0.212999983
2019-01-15,-0.213
2019-01-16,-0.212999997
2019-01-17,-0.212874081
2019-01-18,-1.385653493
2019-01-19,-5.365806982
2019-01-20,-8.39737214
2019-01-21,-10.07836828
2019-01-22,-10.90619086
2019-01-23,-10.70264579
2019-01-24,-10.52142041
2019-01-25,-8.734286889
2019-01-26,-7.397523149
2019-01-27,-9.121379041
2019-01-28,-10.13586471
2019-01-29,-9.374942842
2019-01-30,-9.444118342
2019-01-31,-7.997796024
2019-02-01,-7.95900865
2019-02-02,-8.995376427
2019-02-03,-8.596247242
2019-02-04,-7.945442316
2019-02-05,-7.787011756
2019-02-06,-7.845772094
2019-02-07,-8.448045292
2019-02-08,-9.067753153
2019-02-09,-8.805304446
2019-02-10,-7.48948568
2019-02-11,-6.431148111
2019-02-12,-5.655541631
2019-02-13,-5.223324775
2019-02-14,-5.02293417
2019-02-15,-4.874919319
2019-02-16,-4.773428737
2019-02-17,-4.67122189
2019-02-18,-4.347773797
2019-02-19,-4.056601136
2019-02-20,-4.035331034
2019-02-21,-4.15200587
2019-02-22,-4.262704505
2019-02-23,-4.27199993
2019-02-24,-4.272
2019-02-25,-4.272
2019-02-26,-4.271999028
2019-02-27,-4.237102803
2019-02-28,-4.05104537
2019-03-01,-3.861400538
2019-03-02,-3.692939133
2019-03-03,-3.601901655
2019-03-04,-3.676282057
2019-03-05,-3.792699832
2019-03-06,-3.806943176
2019-03-07,-3.791936415
2019-03-08,-3.792187168
2019-03-09,-3.886020881
2019-03-10,-3.910295862
2019-03-11,-4.021755078
2019-03-12,-3.951645939
2019-03-13,-3.766337763
2019-03-14,-3.607406312
2019-03-15,-3.537955483
2019-03-16,-3.444153738
2019-03-17,-3.335261014
2019-03-18,-3.162822147
2019-03-19,-3.078900544
2019-03-20,-3.157717095
2019-03-21,-3.21701981
2019-03-22,-3.31581283
2019-03-23,-3.315999995
2019-03-24,-3.31601333
2019-03-25,-3.380087974
2019-03-26,-3.566926785
2019-03-27,-3.892277268
2019-03-28,-4.11134229
2019-03-29,-4.007079281
2019-03-30,-3.801418491
2019-03-31,-3.885316572
2019-04-01,-4.021705005
2019-04-02,-4.010809957
2019-04-03,-3.87651823
2019-04-04,-3.706746034
2019-04-05,-3.375292085
2019-04-06,-3.098781639
2019-04-07,-2.957961064
2019-04-08,-2.843307347
2019-04-09,-2.843999982
2019-04-10,-2.843999995
2019-04-11,-2.843815976
2019-04-12,-2.751559537
2019-04-13,-2.707315463
2019-04-14,-2.610183084
2019-04-15,-2.576216433
2019-04-16,-2.489762981
2019-04-17,-2.37613076
2019-04-18,-2.285348416
2019-04-19,-2.227215312
2019-04-20,-2.111457905
2019-04-21,-1.996171504
2019-04-22,-1.865837099
2019-04-23,-1.708152452
2019-04-24,-1.683999817
2019-04-25,-1.688116534
2019-04-26,-1.799675262
2019-04-27,-1.776724366
2019-04-28,-1.151149456
2019-04-29,-0.694705081
2019-04-30,-0.548384788
2019-05-01,-0.474285204
2019-05-02,-0.43700093
2019-05-03,-0.437816653
2019-05-04,-0.375579591
2019-05-05,-0.32493707
2019-05-06,-0.324999998
2019-05-07,-0.325
2019-05-08,-0.325000001
2019-05-09,-0.325042903
2019-05-10,-0.264289499
2019-05-11,-0.226167312
2019-05-12,-0.241893778
2019-05-13,-0.212939842
2019-05-14,-0.212999998
2019-05-15,-0.213
2019-05-16,-0.213
2019-05-17,-0.213
2019-05-18,-0.213
2019-05-19,-0.213
2019-05-20,-0.213000002
2019-05-21,-0.213059616
2019-05-22,-0.184179841
2019-05-23,-0.042828378
2019-05-24,-0.018046854
2019-05-25,0.009251015
2019-05-26,0.490611075
2019-05-27,0.717865248
2019-05-28,0.999941595
2019-05-29,1.17824268
2019-05-30,1.181667042
2019-05-31,3.84114628
2019-06-01,2.291589242
2019-06-02,1.961978985
2019-06-03,4.104907558
2019-06-04,0.783784677
2019-06-05,4.235466971
2019-06-06,6.408637014
2019-06-07,5.981058645
2019-06-08,3.873650125
2019-06-09,5.05102462
2019-06-10,6.868256183
2019-06-11,7.366634289
2019-06-12,6.074264668
2019-06-13,5.385403493
2019-06-14,7.490451955
2019-06-15,5.708056244
2019-06-16,7.927320535
2019-06-17,5.990961898
2019-06-18,7.046730891
2019-06-19,8.089247271
2019-06-20,8.956984339
2019-06-21,9.436355789
2019-06-22,7.004949558
2019-06-23,3.766443842
2019-06-24,3.954142524
2019-06-25,5.360020496
2019-06-26,6.256833797
2019-06-27,7.15766943
2019-06-28,7.965908244
2019-06-29,8.597774344
2019-06-30,8.663456975
2019-07-01,5.959803041
2019-07-02,5.076629975
2019-07-03,5.809403651
2019-07-04,10.30382202
2019-07-05,10.85970289
2019-07-06,9.791790282
2019-07-07,6.64100911
2019-07-08,4.925002799
2019-07-09,5.151403583
2019-07-10,9.165996408
2019-07-11,11.88154698
2019-07-12,12.33349686
2019-07-13,11.76474874
2019-07-14,12.43790528
2019-07-15,12.08733775
2019-07-16,12.75347865
2019-07-17,12.03313191
2019-07-18,11.86533757
2019-07-19,13.6409726
2019-07-20,13.21525373
2019-07-21,12.5580087
2019-07-22,11.16737393
2019-07-23,11.97584987
2019-07-24,11.98097893
2019-07-25,12.12924647
2019-07-26,11.04980138
2019-07-27,11.737889
2019-07-28,10.2549649
2019-07-29,9.616646595
2019-07-30,9.994283971
2019-07-31,10.30268372
2019-08-01,10.88421258
2019-08-02,9.712156941
2019-08-03,8.154737673
2019-08-04,7.874664098
2019-08-05,8.384095381
2019-08-06,9.02874889
2019-08-07,9.041329716
2019-08-08,9.634009719
2019-08-09,9.378585023
2019-08-10,8.502876645
2019-08-11,8.43492644
2019-08-12,7.941553532
2019-08-13,8.462725876
2019-08-14,8.309455763
2019-08-15,9.390742828
2019-08-16,10.11086806
2019-08-17,NA
2019-08-18,NA
2019-08-19,NA
2019-08-20,NA
2019-08-21,NA
2019-08-22,NA
2019-08-23,NA
2019-08-24,NA
2019-08-25,NA
2019-08-26,NA
2019-08-27,NA
2019-08-28,NA
2019-08-29,NA
2019-08-30,NA
2019-08-31,NA
2019-09-01,NA
2019-09-02,NA
2019-09-03,NA
2019-09-04,NA
2019-09-05,NA
2019-09-06,NA
2019-09-07,NA
2019-09-08,NA
2019-09-09,NA
2019-09-10,NA
2019-09-11,NA
2019-09-12,NA
2019-09-13,NA
2019-09-14,NA
2019-09-15,NA
2019-09-16,NA
2019-09-17,NA
2019-09-18,NA
2019-09-19,NA
2019-09-20,NA
2019-09-21,NA
2019-09-22,NA
2019-09-23,NA
2019-09-24,NA
2019-09-25,NA
2019-09-26,NA
2019-09-27,NA
2019-09-28,NA
2019-09-29,NA
2019-09-30,NA
2019-10-01,NA
2019-10-02,NA
2019-10-03,NA
2019-10-04,NA
2019-10-05,NA
2019-10-06,NA
2019-10-07,NA
2019-10-08,NA
2019-10-09,NA
2019-10-10,NA
2019-10-11,NA
2019-10-12,NA
2019-10-13,NA
2019-10-14,NA
2019-10-15,NA
2019-10-16,NA
2019-10-17,NA
2019-10-18,NA
2019-10-19,NA
2019-10-20,NA
2019-10-21,NA
2019-10-22,NA
2019-10-23,NA
2019-10-24,NA
2019-10-25,NA
2019-10-26,NA
2019-10-27,NA
2019-10-28,NA
2019-10-29,NA
2019-10-30,NA
2019-10-31,NA
2019-11-01,NA
2019-11-02,NA
2019-11-03,NA
2019-11-04,NA
2019-11-05,NA
2019-11-06,NA
2019-11-07,NA
2019-11-08,NA
2019-11-09,NA
2019-11-10,NA
2019-11-11,NA
2019-11-12,NA
2019-11-13,NA
2019-11-14,NA
2019-11-15,NA
2019-11-16,NA
2019-11-17,NA
2019-11-18,NA
2019-11-19,NA
2019-11-20,NA
2019-11-21,NA
2019-11-22,NA
2019-11-23,NA
2019-11-24,NA
2019-11-25,NA
2019-11-26,NA
2019-11-27,NA
2019-11-28,NA
2019-11-29,NA
2019-11-30,NA
2019-12-01,NA
2019-12-02,NA
2019-12-03,NA
2019-12-04,NA
2019-12-05,NA
2019-12-06,NA
2019-12-07,NA
2019-12-08,NA
2019-12-09,NA
2019-12-10,NA
2019-12-11,NA
2019-12-12,NA
2019-12-13,NA
2019-12-14,NA
2019-12-15,NA
2019-12-16,NA
2019-12-17,NA
2019-12-18,NA
2019-12-19,NA
2019-12-20,NA
2019-12-21,NA
2019-12-22,NA
2019-12-23,NA
2019-12-24,NA
2019-12-25,NA
2019-12-26,NA
2019-12-27,NA
2019-12-28,NA
2019-12-29,NA
2019-12-30,NA
2019-12-31,NA
2020-01-01,NA
2020-01-02,NA
2020-01-03,NA
2020-01-04,NA
2020-01-05,NA
2020-01-06,NA
2020-01-07,NA
2020-01-08,NA
2020-01-09,NA
2020-01-10,NA
2020-01-11,NA
2020-01-12,NA
2020-01-13,NA
2020-01-14,NA
2020-01-15,NA
2020-01-16,NA
2020-01-17,NA
2020-01-18,NA
2020-01-19,NA
2020-01-20,NA
2020-01-21,NA
2020-01-22,NA
2020-01-23,NA
2020-01-24,NA
2020-01-25,NA
2020-01-26,NA
2020-01-27,NA
2020-01-28,NA
2020-01-29,NA
2020-01-30,NA
2020-01-31,NA
2020-02-01,NA
2020-02-02,NA
2020-02-03,NA
2020-02-04,NA
2020-02-05,NA
2020-02-06,NA
2020-02-07,NA
2020-02-08,NA
2020-02-09,NA
2020-02-10,NA
2020-02-11,NA
2020-02-12,NA
2020-02-13,NA
2020-02-14,NA
2020-02-15,NA
2020-02-16,NA
2020-02-17,NA
2020-02-18,NA
2020-02-19,NA
2020-02-20,NA
2020-02-21,NA
2020-02-22,NA
2020-02-23,NA
2020-02-24,NA
2020-02-25,NA
2020-02-26,NA
2020-02-27,NA
2020-02-28,NA
2020-02-29,NA
2020-03-01,NA
2020-03-02,NA
2020-03-03,NA
2020-03-04,NA
2020-03-05,NA
2020-03-06,NA
2020-03-07,NA
2020-03-08,NA
2020-03-09,NA
2020-03-10,NA
2020-03-11,NA
2020-03-12,NA
2020-03-13,NA
2020-03-14,NA
2020-03-15,NA
2020-03-16,NA
2020-03-17,NA
2020-03-18,NA
2020-03-19,NA
2020-03-20,NA
2020-03-21,NA
2020-03-22,NA
2020-03-23,NA
2020-03-24,NA
2020-03-25,NA
2020-03-26,NA
2020-03-27,NA
2020-03-28,NA
2020-03-29,NA
2020-03-30,NA
2020-03-31,NA
2020-04-01,NA
2020-04-02,NA
2020-04-03,NA
2020-04-04,NA
2020-04-05,NA
2020-04-06,NA
2020-04-07,NA
2020-04-08,NA
2020-04-09,NA
2020-04-10,NA
2020-04-11,NA
2020-04-12,NA
2020-04-13,NA
2020-04-14,NA
2020-04-15,NA
2020-04-16,NA
2020-04-17,NA
2020-04-18,NA
2020-04-19,NA
2020-04-20,NA
2020-04-21,NA
2020-04-22,NA
2020-04-23,NA
2020-04-24,NA
2020-04-25,NA
2020-04-26,NA
2020-04-27,NA
2020-04-28,NA
2020-04-29,NA
2020-04-30,NA
2020-05-01,NA
2020-05-02,NA
2020-05-03,NA
2020-05-04,NA
2020-05-05,NA
2020-05-06,NA
2020-05-07,NA
2020-05-08,NA
2020-05-09,NA
2020-05-10,NA
2020-05-11,NA
2020-05-12,NA
2020-05-13,NA
2020-05-14,NA
2020-05-15,NA
2020-05-16,NA
2020-05-17,NA
2020-05-18,NA
2020-05-19,NA
2020-05-20,NA
2020-05-21,NA
2020-05-22,NA
2020-05-23,NA
2020-05-24,NA
2020-05-25,NA
2020-05-26,NA
2020-05-27,NA
2020-05-28,NA
2020-05-29,NA
2020-05-30,NA
2020-05-31,NA
2020-06-01,NA
2020-06-02,NA
2020-06-03,NA
2020-06-04,NA
2020-06-05,NA
2020-06-06,NA
2020-06-07,NA
2020-06-08,NA
2020-06-09,NA
2020-06-10,NA
2020-06-11,NA
2020-06-12,NA
2020-06-13,NA
2020-06-14,NA
2020-06-15,NA
2020-06-16,NA
2020-06-17,NA
2020-06-18,NA
2020-06-19,NA
2020-06-20,NA
2020-06-21,NA
2020-06-22,NA
2020-06-23,NA
2020-06-24,NA
2020-06-25,NA
2020-06-26,NA
2020-06-27,NA
2020-06-28,NA
2020-06-29,NA
2020-06-30,NA
2020-07-01,NA
2020-07-02,NA
2020-07-03,NA
2020-07-04,NA
2020-07-05,NA
2020-07-06,NA
2020-07-07,NA
2020-07-08,NA
2020-07-09,NA
2020-07-10,NA
2020-07-11,NA
2020-07-12,NA
2020-07-13,NA
2020-07-14,NA
2020-07-15,NA
2020-07-16,NA
2020-07-17,NA
2020-07-18,NA
2020-07-19,NA
2020-07-20,NA
2020-07-21,NA
2020-07-22,NA
2020-07-23,NA
2020-07-24,NA
2020-07-25,NA
2020-07-26,NA
2020-07-27,NA
2020-07-28,NA
2020-07-29,NA
2020-07-30,NA
2020-07-31,NA
2020-08-01,NA
2020-08-02,NA
2020-08-03,NA
2020-08-04,NA
2020-08-05,NA
2020-08-06,NA
2020-08-07,NA
2020-08-08,NA
2020-08-09,NA
2020-08-10,NA
2020-08-11,NA
2020-08-12,NA
2020-08-13,NA
2020-08-14,NA
2020-08-15,NA
2020-08-16,NA
2020-08-17,NA
2020-08-18,NA
2020-08-19,NA
2020-08-20,NA
2020-08-21,NA
2020-08-22,NA
2020-08-23,NA
2020-08-24,NA
2020-08-25,NA
2020-08-26,NA
2020-08-27,NA
2020-08-28,NA
2020-08-29,NA
2020-08-30,NA
2020-08-31,NA
2020-09-01,NA
2020-09-02,NA
2020-09-03,NA
2020-09-04,NA
2020-09-05,NA
2020-09-06,NA
2020-09-07,NA
2020-09-08,NA
2020-09-09,NA
2020-09-10,NA
2020-09-11,NA
2020-09-12,NA
2020-09-13,NA
2020-09-14,NA
2020-09-15,NA
2020-09-16,NA
2020-09-17,NA
2020-09-18,NA
2020-09-19,NA
2020-09-20,NA
2020-09-21,NA
2020-09-22,NA
2020-09-23,NA
2020-09-24,NA
2020-09-25,NA
2020-09-26,NA
2020-09-27,NA
2020-09-28,NA
2020-09-29,NA
2020-09-30,NA
2020-10-01,NA
2020-10-02,NA
2020-10-03,NA
2020-10-04,NA
2020-10-05,NA
2020-10-06,NA
2020-10-07,NA
2020-10-08,NA
2020-10-09,NA
2020-10-10,NA
2020-10-11,NA
2020-10-12,NA
2020-10-13,NA
2020-10-14,NA
2020-10-15,NA
2020-10-16,NA
2020-10-17,NA
2020-10-18,NA
2020-10-19,NA
2020-10-20,NA
2020-10-21,NA
2020-10-22,NA
2020-10-23,NA
2020-10-24,NA
2020-10-25,NA
2020-10-26,NA
2020-10-27,NA
2020-10-28,NA
2020-10-29,NA
2020-10-30,NA
2020-10-31,NA
2020-11-01,NA
2020-11-02,NA
2020-11-03,NA
2020-11-04,NA
2020-11-05,NA
2020-11-06,NA
2020-11-07,NA
2020-11-08,NA
2020-11-09,NA
2020-11-10,NA
2020-11-11,NA
2020-11-12,NA
2020-11-13,NA
2020-11-14,NA
2020-11-15,NA
2020-11-16,NA
2020-11-17,NA
2020-11-18,NA
2020-11-19,NA
2020-11-20,NA
2020-11-21,NA
2020-11-22,NA
2020-11-23,NA
2020-11-24,NA
2020-11-25,NA
2020-11-26,NA
2020-11-27,NA
2020-11-28,NA
2020-11-29,NA
2020-11-30,NA
2020-12-01,NA
2020-12-02,NA
2020-12-03,NA
2020-12-04,NA
2020-12-05,NA
2020-12-06,NA
2020-12-07,NA
2020-12-08,NA
2020-12-09,NA
2020-12-10,NA
2020-12-11,NA
2020-12-12,NA
2020-12-13,NA
2020-12-14,NA
2020-12-15,NA
2020-12-16,NA
2020-12-17,NA
2020-12-18,NA
2020-12-19,NA
2020-12-20,NA
2020-12-21,NA
2020-12-22,NA
2020-12-23,NA
2020-12-24,NA
2020-12-25,NA
2020-12-26,NA
2020-12-27,NA
2020-12-28,NA
2020-12-29,NA
2020-12-30,NA
2020-12-31,NA
2021-01-01,NA
2021-01-02,NA
2021-01-03,NA
2021-01-04,NA
2021-01-05,NA
2021-01-06,NA
2021-01-07,NA
2021-01-08,NA
2021-01-09,NA
2021-01-10,NA
2021-01-11,NA
2021-01-12,NA
2021-01-13,NA
2021-01-14,NA
2021-01-15,NA
2021-01-16,NA
2021-01-17,NA
2021-01-18,NA
2021-01-19,NA
2021-01-20,NA
2021-01-21,NA
2021-01-22,NA
2021-01-23,NA
2021-01-24,NA
2021-01-25,NA
2021-01-26,NA
2021-01-27,NA
2021-01-28,NA
2021-01-29,NA
2021-01-30,NA
2021-01-31,NA
2021-02-01,NA
2021-02-02,NA
2021-02-03,NA
2021-02-04,NA
2021-02-05,NA
2021-02-06,NA
2021-02-07,NA
2021-02-08,NA
2021-02-09,NA
2021-02-10,NA
2021-02-11,NA
2021-02-12,NA
2021-02-13,NA
2021-02-14,NA
2021-02-15,NA
2021-02-16,NA
2021-02-17,NA
2021-02-18,NA
2021-02-19,NA
2021-02-20,NA
2021-02-21,NA
2021-02-22,NA
2021-02-23,NA
2021-02-24,NA
2021-02-25,NA
2021-02-26,NA
2021-02-27,NA
2021-02-28,NA
2021-03-01,NA
2021-03-02,NA
2021-03-03,NA
2021-03-04,NA
2021-03-05,NA
2021-03-06,NA
2021-03-07,NA
2021-03-08,NA
2021-03-09,NA
2021-03-10,NA
2021-03-11,NA
2021-03-12,NA
2021-03-13,NA
2021-03-14,NA
2021-03-15,NA
2021-03-16,NA
2021-03-17,NA
2021-03-18,NA
2021-03-19,NA
2021-03-20,NA
2021-03-21,NA
2021-03-22,NA
2021-03-23,NA
2021-03-24,NA
2021-03-25,NA
2021-03-26,NA
2021-03-27,NA
2021-03-28,NA
2021-03-29,NA
2021-03-30,NA
2021-03-31,NA
2021-04-01,NA
2021-04-02,NA
2021-04-03,NA
2021-04-04,NA
2021-04-05,NA
2021-04-06,NA
2021-04-07,NA
2021-04-08,NA
2021-04-09,NA
2021-04-10,NA
2021-04-11,NA
2021-04-12,NA
2021-04-13,NA
2021-04-14,NA
2021-04-15,NA
2021-04-16,NA
2021-04-17,NA
2021-04-18,NA
2021-04-19,NA
2021-04-20,NA
2021-04-21,NA
2021-04-22,NA
2021-04-23,NA
2021-04-24,NA
2021-04-25,NA
2021-04-26,NA
2021-04-27,NA
2021-04-28,NA
2021-04-29,NA
2021-04-30,NA
2021-05-01,NA
2021-05-02,NA
2021-05-03,NA
2021-05-04,NA
2021-05-05,NA
2021-05-06,NA
2021-05-07,NA
2021-05-08,NA
2021-05-09,NA
2021-05-10,NA
2021-05-11,NA
2021-05-12,NA
2021-05-13,NA
2021-05-14,NA
2021-05-15,NA
2021-05-16,NA
2021-05-17,NA
2021-05-18,NA
2021-05-19,NA
2021-05-20,NA
2021-05-21,NA
2021-05-22,NA
2021-05-23,NA
2021-05-24,NA
2021-05-25,NA
2021-05-26,NA
2021-05-27,NA
2021-05-28,NA
2021-05-29,NA
2021-05-30,NA
2021-05-31,NA
2021-06-01,NA
2021-06-02,NA
2021-06-03,NA
2021-06-04,NA
2021-06-05,NA
2021-06-06,NA
2021-06-07,NA
2021-06-08,NA
2021-06-09,NA
2021-06-10,NA
2021-06-11,NA
2021-06-12,NA
2021-06-13,NA
2021-06-14,NA
2021-06-15,NA
2021-06-16,NA
2021-06-17,NA
2021-06-18,NA
2021-06-19,NA
2021-06-20,NA
2021-06-21,NA
2021-06-22,NA
2021-06-23,NA
2021-06-24,NA
2021-06-25,NA
2021-06-26,NA
2021-06-27,NA
2021-06-28,NA
2021-06-29,NA
2021-06-30,NA
2021-07-01,NA
2021-07-02,NA
2021-07-03,NA
2021-07-04,NA
2021-07-05,NA
2021-07-06,NA
2021-07-07,NA
2021-07-08,NA
2021-07-09,NA
2021-07-10,NA
2021-07-11,NA
2021-07-12,NA
2021-07-13,NA
2021-07-14,NA
2021-07-15,NA
2021-07-16,NA
2021-07-17,NA
2021-07-18,NA
2021-07-19,NA
2021-07-20,NA
2021-07-21,NA
2021-07-22,NA
2021-07-23,NA
2021-07-24,NA
2021-07-25,NA
2021-07-26,NA
2021-07-27,NA
2021-07-28,NA
2021-07-29,NA
2021-07-30,NA
2021-07-31,NA
2021-08-01,NA
2021-08-02,NA
2021-08-03,NA
2021-08-04,NA
2021-08-05,NA
2021-08-06,NA
2021-08-07,NA
2021-08-08,NA
2021-08-09,NA
2021-08-10,NA
2021-08-11,NA
2021-08-12,13.94165158
2021-08-13,16.95092043
2021-08-14,15.84303264
2021-08-15,14.69706972
2021-08-16,13.74896457
2021-08-17,11.80442495
2021-08-18,11.70634511
2021-08-19,11.41096553
2021-08-20,10.83398559
2021-08-21,10.56756308
2021-08-22,10.35014949
2021-08-23,11.01899074
2021-08-24,11.15762158
2021-08-25,10.94320946
2021-08-26,10.59708599
2021-08-27,10.3426329
2021-08-28,10.8511469
2021-08-29,11.0838498
2021-08-30,10.98335735
2021-08-31,9.904570276
2021-09-01,8.786309981
2021-09-02,8.76274608
2021-09-03,8.85586725
2021-09-04,9.157165887
2021-09-05,10.1174646
2021-09-06,10.77200208
2021-09-07,10.68516616
2021-09-08,10.24852113
2021-09-09,8.715702114
2021-09-10,8.180030058
2021-09-11,7.311060173
2021-09-12,5.757295443
2021-09-13,5.211928686
2021-09-14,5.007863625
2021-09-15,3.976074526
2021-09-16,4.105913321
2021-09-17,4.217740373
2021-09-18,5.819992297
2021-09-19,4.989073679
2021-09-20,3.62558095
2021-09-21,5.780115105
2021-09-22,7.246240899
2021-09-23,5.446589072
2021-09-24,4.667374181
2021-09-25,3.663469489
2021-09-26,4.35161898
2021-09-27,4.405278158
2021-09-28,3.180124087
2021-09-29,2.6087402
2021-09-30,2.119150964
2021-10-01,1.616336727
2021-10-02,1.898615949
2021-10-03,2.303946631
2021-10-04,2.664555547
2021-10-05,2.220078629
2021-10-06,2.197974012
2021-10-07,1.971734527
2021-10-08,2.212092628
2021-10-09,1.757533046
2021-10-10,4.029636928
2021-10-11,4.880807458
2021-10-12,5.148469918
2021-10-13,5.534700906
2021-10-14,4.902379237
2021-10-15,3.304840144
2021-10-16,2.381222194
2021-10-17,1.942011103
2021-10-18,1.26661948
2021-10-19,1.499307484
2021-10-20,1.23445487
2021-10-21,1.516263941
2021-10-22,0.956441569
2021-10-23,0.5315894
2021-10-24,0.359962053
2021-10-25,0.304502802
2021-10-26,0.232145052
2021-10-27,0.232
2021-10-28,0.232
2021-10-29,0.232000206
2021-10-30,0.224978209
2021-10-31,0.204250461
2021-11-01,0.232000157
2021-11-02,0.232
2021-11-03,0.232
2021-11-04,0.231892861
2021-11-05,0.138254989
2021-11-06,0.121
2021-11-07,0.117846224
2021-11-08,-0.007977713
2021-11-09,-0.070261401
2021-11-10,-0.007582526
2021-11-11,-0.102039422
2021-11-12,-0.171281968
2021-11-13,-0.335803586
2021-11-14,-0.280138494
2021-11-15,-0.394236763
2021-11-16,-0.0634173
2021-11-17,-0.088097126
2021-11-18,-0.346179636
2021-11-19,-0.237461078
2021-11-20,-0.137307732
2021-11-21,-0.373629296
2021-11-22,-0.469409157
2021-11-23,-0.261131542
2021-11-24,-0.300934822
2021-11-25,-0.503806947
2021-11-26,-0.317224753
2021-11-27,-0.112411524
2021-11-28,-0.102565117
2021-11-29,-0.076420824
2021-11-30,-0.301032541
2021-12-01,-0.377714004
2021-12-02,-0.58486091
2021-12-03,-0.661735635
2021-12-04,-0.647460687
2021-12-05,-0.810175962
2021-12-06,-0.869142535
2021-12-07,-0.919100624
2021-12-08,-0.49998032
2021-12-09,-0.335505472
2021-12-10,-0.32511893
2021-12-11,-0.465192781
2021-12-12,-0.555976125
2021-12-13,-0.489378832
2021-12-14,-0.349395081
2021-12-15,-0.325
2021-12-16,-0.342582484
2021-12-17,-0.437030964
2021-12-18,-0.398301739
2021-12-19,-0.356731371
2021-12-20,-0.669289925
2021-12-21,-0.958471259
2021-12-22,-1.159863414
2021-12-23,-1.338534979
2021-12-24,-0.427087919
2021-12-25,0.007141532
2021-12-26,0.01
2021-12-27,0.009999999
2021-12-28,0.01702376
2021-12-29,0.009997206
2021-12-30,0.01
2021-12-31,0.01
2022-01-01,0.01
2022-01-02,0.01
2022-01-03,-0.000845087
2022-01-04,-0.007154914
2022-01-05,0.031060064
2022-01-06,0.103854983
2022-01-07,0.121000001
2022-01-08,0.121
2022-01-09,0.121
2022-01-10,0.121
2022-01-11,0.121
2022-01-12,0.121
2022-01-13,0.121
2022-01-14,0.121
2022-01-15,0.121
2022-01-16,0.121
2022-01-17,0.121
2022-01-18,0.121
2022-01-19,0.121
2022-01-20,0.121
2022-01-21,0.121
2022-01-22,0.121
2022-01-23,0.121
2022-01-24,0.121
2022-01-25,0.121
2022-01-26,0.121
2022-01-27,0.121
2022-01-28,0.121
2022-01-29,0.121
2022-01-30,0.121
2022-01-31,0.121
2022-02-01,0.121
2022-02-02,0.121
2022-02-03,0.121
2022-02-04,0.121
2022-02-05,0.121
2022-02-06,0.121
2022-02-07,0.121
2022-02-08,0.121
2022-02-09,0.121
2022-02-10,0.121
2022-02-11,0.121000001
2022-02-12,0.083091114
2022-02-13,-0.099140929
2022-02-14,-0.077294039
2022-02-15,0.009993988
2022-02-16,-0.154253193
2022-02-17,-1.363134788
2022-02-18,-2.549820912
2022-02-19,-3.781204526
2022-02-20,-5.084811765
2022-02-21,-6.103015117
2022-02-22,-6.653102904
2022-02-23,-8.271974434
2022-02-24,-9.194759796
2022-02-25,-10.07687456
2022-02-26,-10.70549486
2022-02-27,-10.62966958
2022-02-28,-10.19996431
2022-03-01,-10.25800798
2022-03-02,-10.53623684
2022-03-03,-10.7316079
2022-03-04,-11.43999659
2022-03-05,-11.76302324
2022-03-06,-11.09800599
2022-03-07,-9.998247305
2022-03-08,-8.8135783
2022-03-09,-7.937761002
2022-03-10,-8.486160071
2022-03-11,-8.8182976
2022-03-12,-9.939557307
2022-03-13,-10.45937658
2022-03-14,-10.90989753
2022-03-15,-12.10089543
2022-03-16,-12.78126322
2022-03-17,-11.86858582
2022-03-18,-10.14973919
2022-03-19,-9.575966984
2022-03-20,-9.189554731
2022-03-21,-7.951503846
2022-03-22,-6.669983743
2022-03-23,-5.810474465
2022-03-24,-5.270587772
2022-03-25,-4.792490043
2022-03-26,-4.456731831
2022-03-27,-4.0760202
2022-03-28,-3.622708622
2022-03-29,-3.21210606
2022-03-30,-2.81827842
2022-03-31,-2.522101374
2022-04-01,-2.297429954
2022-04-02,-2.097751276
2022-04-03,-1.925392267
2022-04-04,-1.801784604
2022-04-05,-1.799002349
2022-04-06,-1.71612975
2022-04-07,-1.594830715
2022-04-08,-1.562961494
2022-04-09,-1.58100492
2022-04-10,-1.608955045
2022-04-11,-1.516361418
2022-04-12,-1.387517761
2022-04-13,-1.266727377
2022-04-14,-1.160111121
2022-04-15,-1.113997617
2022-04-16,-1.189104977
2022-04-17,-1.152897405
2022-04-18,-1.113996884
2022-04-19,-1.189070388
2022-04-20,-1.323575327
2022-04-21,-1.32326053
2022-04-22,-1.252743122
2022-04-23,-1.274020585
2022-04-24,-1.188785773
2022-04-25,-1.113985427
2022-04-26,-1.007607549
2022-04-27,-0.798610522
2022-04-28,-0.767062893
2022-04-29,-0.869542894
2022-04-30,-0.983541123
2022-05-01,-1.103400717
2022-05-02,-1.113880175
2022-05-03,-0.925970949
2022-05-04,-0.735240715
2022-05-05,-0.700189545
2022-05-06,-0.774538503
2022-05-07,-0.774
2022-05-08,-0.774
2022-05-09,-0.766812779
2022-05-10,-0.594446433
2022-05-11,-0.359711865
2022-05-12,-0.174655599
2022-05-13,-0.102000586
2022-05-14,-0.077107874
2022-05-15,0.002721317
2022-05-16,0.01
2022-05-17,0.01
2022-05-18,0.01
2022-05-19,0.01
2022-05-20,0.01
2022-05-21,0.01
2022-05-22,0.01
2022-05-23,0.01
2022-05-24,0.009996918
2022-05-25,0.037504862
2022-05-26,0.063040803
2022-05-27,0.099419405
2022-05-28,0.087126254
2022-05-29,0.092469798
2022-05-30,0.086398
2022-05-31,0.121000144
2022-06-01,0.121
2022-06-02,0.121
2022-06-03,0.121
2022-06-04,0.121
2022-06-05,0.121
2022-06-06,0.121
2022-06-07,0.120999999
2022-06-08,0.134868025
2022-06-09,0.538806952
2022-06-10,2.251005532
2022-06-11,1.553774445
2022-06-12,3.411323722
2022-06-13,4.611529806
2022-06-14,4.834078827
2022-06-15,5.544676724
2022-06-16,6.638842914
2022-06-17,4.059498507
2022-06-18,1.421035613
2022-06-19,2.526330104
2022-06-20,4.46421257
2022-06-21,5.505210087
2022-06-22,5.965058237
2022-06-23,6.108572433
2022-06-24,5.990982342
2022-06-25,5.664350079
2022-06-26,5.273644864
2022-06-27,3.997895091
2022-06-28,3.13351362
2022-06-29,4.432370354
2022-06-30,5.893960425
2022-07-01,7.14899675
2022-07-02,8.768173788
2022-07-03,9.667100743
2022-07-04,9.772735166
2022-07-05,8.955281935
2022-07-06,9.757291084
2022-07-07,10.68693145
2022-07-08,9.857488176
2022-07-09,9.431905183
2022-07-10,9.658029803
2022-07-11,10.97156001
2022-07-12,12.17929698
2022-07-13,11.74536656
2022-07-14,12.05688559
2022-07-15,11.70868685
2022-07-16,12.81329318
2022-07-17,13.52908649
2022-07-18,14.68191625
2022-07-19,14.02276906
2022-07-20,12.90543049
2022-07-21,13.85873157
2022-07-22,13.52209496
2022-07-23,12.97267225
2022-07-24,12.76960155
2022-07-25,13.46369612
2022-07-26,12.88716994
2022-07-27,13.00500209
2022-07-28,13.8638201
2022-07-29,14.42473269
2022-07-30,16.16689888